User_ID,Campaign,Impressions,Clicks,Conversions,Revenue
1,C,207,18,1,4.313992306
2,A,135,9,1,5.58902417
3,C,269,17,0,0
4,C,184,10,0,0
5,A,212,13,0,0
6,A,232,16,0,0
7,C,269,17,1,3.249974467
8,B,63,7,0,0
9,C,169,7,0,0
10,C,187,10,0,0
11,C,129,12,0,0
12,C,193,10,1,4.117747752
13,A,231,17,0,0
14,C,272,24,0,0
15,B,155,12,0,0
16,A,266,15,0,0
17,B,254,25,0,0
18,B,119,10,0,0
19,B,93,10,0,0
20,B,122,15,0,0
21,A,94,5,0,0
22,A,277,23,0,0
23,B,233,23,0,0
24,B,156,12,1,6.637291455
25,A,133,11,0,0
26,A,131,9,0,0
27,A,299,24,0,0
28,C,156,7,0,0
29,C,234,16,1,4.140501223
30,C,70,4,0,0
31,B,245,29,0,0
32,C,227,10,0,0
33,B,210,20,0,0
34,B,268,26,0,0
35,C,56,5,0,0
36,B,119,12,0,0
37,C,176,14,0,0
38,C,192,16,0,0
39,A,259,25,0,0
40,C,209,13,0,0
41,A,297,24,0,0
42,C,252,22,0,0
43,C,197,23,1,4.55157909
44,A,265,27,0,0
45,A,192,14,0,0
46,C,225,12,1,3.910609405
47,B,248,25,0,0
48,A,198,18,0,0
49,B,219,22,0,0
50,B,203,20,1,3.642308106
51,B,285,33,2,9.57325986
52,A,169,12,0,0
53,B,177,22,0,0
54,A,191,14,0,0
55,B,106,9,0,0
56,C,214,14,0,0
57,C,107,9,0,0
58,A,70,3,0,0
59,C,131,7,0,0
60,C,118,13,0,0
61,B,180,14,0,0
62,A,136,11,0,0
63,B,267,28,2,13.78052106
64,B,214,21,1,7.057489279
65,B,265,28,0,0
66,B,98,8,0,0
67,B,196,20,0,0
68,B,164,15,1,6.807773431
69,B,138,15,0,0
70,A,134,7,0,0
71,C,177,13,0,0
72,B,189,15,0,0
73,B,298,27,1,5.82563588
74,B,238,20,0,0
75,B,218,18,0,0
76,B,210,25,0,0
77,B,227,20,0,0
78,C,166,17,1,2.806500909
79,C,245,25,0,0
80,B,176,18,1,5.636437955
81,C,283,15,0,0
82,A,298,22,0,0
83,B,120,15,0,0
84,A,135,10,0,0
85,A,296,17,1,4.955994455
86,B,82,8,0,0
87,C,130,12,0,0
88,A,201,19,0,0
89,B,110,8,0,0
90,A,110,10,0,0
91,A,147,9,0,0
92,A,77,4,0,0
93,A,235,24,0,0
94,C,92,5,0,0
95,A,218,15,0,0
96,A,216,6,0,0
97,A,135,14,0,0
98,C,226,19,0,0
99,A,66,6,0,0
100,A,147,14,0,0
101,C,247,13,0,0
102,C,287,19,0,0
103,C,247,16,0,0
104,A,147,8,0,0
105,C,114,8,0,0
106,C,123,13,1,3.355853523
107,A,134,6,0,0
108,C,54,3,0,0
109,A,51,2,0,0
110,B,71,5,0,0
111,C,161,16,1,5.211957467
112,B,106,10,0,0
113,A,115,9,1,4.766716017
114,C,123,11,0,0
115,A,147,8,0,0
116,B,193,19,1,7.544442099
117,A,161,12,1,4.664218258
118,C,228,17,0,0
119,C,174,25,1,5.103704155
120,B,216,25,0,0
121,A,135,10,1,5.013180261
122,C,125,11,0,0
123,B,137,10,0,0
124,C,288,12,0,0
125,C,217,12,0,0
126,A,87,6,0,0
127,C,237,17,0,0
128,A,108,9,0,0
129,C,187,18,0,0
130,B,148,15,0,0
131,C,241,17,0,0
132,A,292,16,0,0
133,A,112,4,0,0
134,B,98,10,1,7.149137048
135,C,241,16,0,0
136,C,81,8,0,0
137,B,184,14,1,6.219641587
138,C,70,1,0,0
139,C,69,4,0,0
140,A,203,13,0,0
141,C,176,7,0,0
142,C,117,10,0,0
143,B,159,11,0,0
144,B,165,17,0,0
145,A,263,18,1,2.949200144
146,C,192,10,0,0
147,C,169,11,0,0
148,C,281,23,0,0
149,A,262,20,0,0
150,A,128,12,0,0
151,B,263,21,0,0
152,A,165,16,1,3.45390768
153,C,141,8,0,0
154,C,63,5,0,0
155,A,204,17,0,0
156,C,174,17,0,0
157,C,282,18,0,0
158,A,217,12,0,0
159,A,107,3,0,0
160,C,77,7,0,0
161,C,75,5,0,0
162,C,162,14,0,0
163,B,240,21,1,5.439205531
164,B,115,10,0,0
165,B,202,13,1,5.797898406
166,A,297,32,1,6.652748956
167,B,180,20,0,0
168,A,249,27,1,5.808820402
169,A,93,6,0,0
170,B,146,16,0,0
171,B,91,10,0,0
172,B,293,27,0,0
173,C,276,24,0,0
174,B,55,9,0,0
175,C,216,20,1,4.304558126
176,A,229,21,1,5.546331706
177,C,72,4,0,0
178,B,138,12,0,0
179,A,172,20,1,4.270366355
180,A,227,9,0,0
181,A,220,20,0,0
182,C,196,16,0,0
183,B,246,26,1,6.75338446
184,A,100,15,1,5.133789063
185,A,60,4,0,0
186,A,297,22,0,0
187,C,61,2,0,0
188,C,123,8,0,0
189,B,57,4,0,0
190,C,201,12,0,0
191,A,269,26,0,0
192,B,90,13,1,5.635545865
193,A,213,13,0,0
194,A,278,21,0,0
195,C,134,14,0,0
196,B,121,7,0,0
197,C,104,4,0,0
198,C,186,10,1,3.636542763
199,B,96,10,1,6.068893617
200,A,192,11,0,0
201,A,225,26,0,0
202,B,287,28,2,12.29973418
203,A,153,12,0,0
204,B,259,23,0,0
205,B,91,9,0,0
206,C,109,9,1,4.512365095
207,B,261,29,0,0
208,C,247,20,0,0
209,A,61,5,1,5.7536939
210,A,179,19,0,0
211,A,56,6,0,0
212,A,129,12,0,0
213,C,180,7,0,0
214,A,158,5,0,0
215,B,52,3,1,6.641709245
216,B,76,9,0,0
217,B,163,15,0,0
218,C,156,10,2,10.65221967
219,A,89,10,0,0
220,A,279,28,0,0
221,A,210,22,0,0
222,C,269,17,0,0
223,B,178,20,0,0
224,B,296,26,0,0
225,A,57,3,0,0
226,B,150,12,1,5.369421838
227,B,209,19,0,0
228,C,173,11,2,6.196940306
229,C,225,19,0,0
230,C,156,7,0,0
231,C,150,12,0,0
232,A,53,4,0,0
233,C,271,17,0,0
234,B,247,24,1,7.458681337
235,A,159,11,1,6.539017375
236,B,295,31,3,18.62364113
237,B,68,6,0,0
238,B,81,5,1,7.738397194
239,C,186,9,0,0
240,C,61,4,0,0
241,A,188,20,1,5.342518971
242,A,95,6,0,0
243,C,168,14,0,0
244,B,65,7,0,0
245,A,178,20,0,0
246,C,112,10,0,0
247,C,158,11,0,0
248,C,168,13,2,5.489290861
249,B,294,36,0,0
250,C,70,4,0,0
251,C,207,13,0,0
252,C,62,0,0,0
253,C,211,18,0,0
254,A,53,6,0,0
255,A,205,12,1,3.090528982
256,C,151,11,1,5.188386931
257,B,299,29,1,6.193764579
258,A,272,17,1,4.808442842
259,C,108,13,0,0
260,A,296,20,1,5.037523262
261,A,177,9,0,0
262,B,76,8,0,0
263,C,118,10,0,0
264,C,74,2,0,0
265,B,180,20,0,0
266,B,146,15,2,12.2451216
267,C,245,12,0,0
268,C,74,3,0,0
269,B,197,20,0,0
270,A,211,15,0,0
271,A,203,22,0,0
272,B,175,21,0,0
273,A,182,23,0,0
274,B,276,24,0,0
275,A,238,27,1,5.721119521
276,A,269,21,1,5.319554101
277,C,270,17,0,0
278,C,58,1,0,0
279,A,165,8,0,0
280,A,279,24,1,4.014189504
281,C,227,15,0,0
282,C,183,10,0,0
283,C,260,19,1,4.793051091
284,B,109,9,0,0
285,A,221,18,0,0
286,C,170,11,0,0
287,A,188,18,1,3.984040337
288,B,243,29,2,11.26528838
289,B,224,22,1,6.819054938
290,C,157,10,0,0
291,B,157,14,0,0
292,A,250,24,2,9.316706609
293,C,262,16,1,3.500104708
294,A,265,18,0,0
295,A,275,16,1,3.319104917
296,B,263,26,0,0
297,B,180,18,0,0
298,B,125,16,1,6.986083891
299,B,269,23,0,0
300,B,79,7,1,8.311259005
301,C,267,22,0,0
302,A,289,27,0,0
303,A,70,5,1,4.780303976
304,A,205,16,1,4.680023471
305,A,297,21,0,0
306,B,267,34,0,0
307,A,239,14,0,0
308,C,210,20,0,0
309,C,262,20,2,6.472238342
310,A,212,17,1,5.968025076
311,A,229,11,0,0
312,C,83,6,0,0
313,C,90,6,0,0
314,B,100,7,1,4.242156551
315,C,224,17,0,0
316,B,131,20,0,0
317,B,107,11,0,0
318,B,124,14,0,0
319,B,234,17,0,0
320,B,72,7,0,0
321,A,225,13,1,6.273665054
322,C,177,13,1,3.707136395
323,B,199,27,1,6.763438181
324,C,66,5,0,0
325,C,118,4,0,0
326,B,157,14,0,0
327,A,188,15,0,0
328,B,143,13,1,8.713619778
329,A,64,7,0,0
330,C,140,12,0,0
331,A,212,18,1,6.708964052
332,A,82,6,1,5.519069539
333,A,261,18,0,0
334,C,174,8,0,0
335,C,65,4,0,0
336,A,211,16,0,0
337,A,115,10,0,0
338,B,276,30,1,4.637805109
339,A,217,12,1,3.584228987
340,B,297,28,1,7.301015663
341,A,205,13,0,0
342,B,96,7,0,0
343,C,216,19,0,0
344,A,247,13,1,5.629637603
345,A,250,19,0,0
346,A,197,12,0,0
347,A,173,18,0,0
348,B,50,5,0,0
349,A,249,17,0,0
350,C,296,21,1,4.659660566
351,C,136,11,0,0
352,A,177,21,0,0
353,C,240,14,0,0
354,A,116,13,1,3.736596837
355,A,53,7,1,4.000351116
356,C,235,22,0,0
357,A,202,17,0,0
358,C,96,7,0,0
359,B,87,8,0,0
360,A,192,18,0,0
361,B,240,24,2,12.89202502
362,C,70,6,1,4.799772236
363,B,276,27,0,0
364,B,106,12,0,0
365,C,166,15,1,4.540119082
366,B,230,18,1,3.908135905
367,B,95,12,0,0
368,C,293,21,0,0
369,B,191,23,0,0
370,C,277,19,0,0
371,B,253,24,0,0
372,C,194,19,0,0
373,C,88,4,0,0
374,B,186,23,0,0
375,B,148,15,0,0
376,B,126,13,0,0
377,A,256,18,1,5.525307463
378,A,259,21,1,3.25362752
379,A,164,11,0,0
380,C,274,12,0,0
381,B,183,16,2,15.0626536
382,C,268,9,0,0
383,A,200,24,0,0
384,B,236,32,0,0
385,C,140,9,0,0
386,B,147,17,0,0
387,C,169,10,1,5.190255929
388,B,95,11,0,0
389,A,87,9,0,0
390,A,191,22,2,7.642661527
391,B,149,14,0,0
392,C,294,24,0,0
393,A,121,8,0,0
394,A,239,30,1,4.146322592
395,A,84,2,0,0
396,B,196,21,0,0
397,B,79,9,0,0
398,C,127,10,0,0
399,C,133,6,0,0
400,C,162,17,0,0
401,B,74,5,0,0
402,B,217,23,0,0
403,C,137,7,0,0
404,C,63,3,0,0
405,B,203,21,0,0
406,C,151,10,0,0
407,A,264,17,1,4.335617709
408,B,199,16,0,0
409,C,225,15,0,0
410,B,298,33,2,12.64835462
411,A,132,15,1,6.973104868
412,B,159,11,0,0
413,B,228,21,0,0
414,B,180,13,0,0
415,B,219,13,1,7.504942189
416,A,68,6,0,0
417,B,250,26,0,0
418,B,77,5,1,5.517316736
419,C,261,15,0,0
420,B,222,14,1,5.302955299
421,C,120,11,0,0
422,A,255,29,0,0
423,A,112,6,0,0
424,A,122,7,0,0
425,A,173,18,0,0
426,C,168,17,0,0
427,B,170,16,1,5.055872444
428,A,68,2,0,0
429,B,224,15,2,12.36694624
430,C,293,21,0,0
431,C,191,12,0,0
432,C,169,6,1,3.490045797
433,A,215,18,0,0
434,B,230,13,0,0
435,B,110,13,0,0
436,B,213,19,1,6.132817533
437,C,217,9,0,0
438,A,258,21,1,4.267099192
439,C,79,5,0,0
440,C,58,8,0,0
441,B,113,12,0,0
442,C,210,12,0,0
443,B,169,19,0,0
444,A,101,6,0,0
445,B,138,18,0,0
446,A,191,14,0,0
447,B,252,26,1,5.97115028
448,C,102,3,0,0
449,C,276,18,0,0
450,A,282,27,0,0
451,A,236,22,0,0
452,A,127,8,1,3.68158186
453,B,271,23,1,5.441735124
454,B,90,12,1,5.951902577
455,A,245,26,0,0
456,C,117,5,0,0
457,B,269,26,0,0
458,B,57,5,0,0
459,B,51,8,0,0
460,A,154,8,1,4.942172492
461,A,174,11,0,0
462,A,159,15,0,0
463,A,135,6,0,0
464,A,218,17,1,5.668213254
465,C,169,11,0,0
466,C,176,11,0,0
467,A,232,17,1,5.891521218
468,B,65,7,0,0
469,A,270,17,0,0
470,C,111,8,0,0
471,C,162,14,0,0
472,B,225,26,1,5.558641208
473,C,207,11,0,0
474,A,61,3,0,0
475,B,84,7,0,0
476,A,60,4,0,0
477,A,113,8,0,0
478,B,287,31,0,0
479,A,99,4,0,0
480,C,262,11,0,0
481,A,198,15,1,4.780397906
482,B,118,13,0,0
483,B,97,7,0,0
484,B,69,8,0,0
485,A,150,10,1,6.255766175
486,B,244,30,0,0
487,B,221,28,0,0
488,A,210,15,0,0
489,C,294,17,0,0
490,A,250,19,0,0
491,B,238,20,1,7.925626127
492,B,186,20,2,9.793498589
493,A,117,12,1,5.914259545
494,C,84,7,0,0
495,B,258,30,1,3.6615718
496,B,275,26,0,0
497,B,265,22,3,22.45337728
498,A,273,25,0,0
499,B,114,10,0,0
500,C,57,5,0,0
501,B,94,8,0,0
502,B,136,9,0,0
503,C,224,26,0,0
504,B,217,17,0,0
505,A,125,17,1,4.739580467
506,A,231,27,0,0
507,A,125,12,0,0
508,C,223,17,0,0
509,B,96,10,0,0
510,A,64,8,0,0
511,C,154,9,0,0
512,B,196,19,1,4.419299948
513,C,75,6,0,0
514,A,101,7,1,4.10449548
515,A,142,11,0,0
516,A,199,14,0,0
517,C,281,20,0,0
518,C,70,7,0,0
519,A,100,6,0,0
520,C,87,10,1,4.561162568
521,A,69,7,0,0
522,A,298,28,2,9.310369739
523,B,206,21,0,0
524,C,228,19,0,0
525,A,181,7,0,0
526,A,104,11,1,6.272496544
527,C,248,11,0,0
528,B,141,19,1,4.079311133
529,B,77,15,1,6.270597716
530,A,53,3,1,4.381888568
531,C,199,11,0,0
532,B,125,15,0,0
533,C,222,13,0,0
534,C,116,11,0,0
535,A,135,7,0,0
536,B,285,23,0,0
537,A,243,28,0,0
538,B,265,29,0,0
539,B,211,26,0,0
540,B,140,12,0,0
541,B,232,25,0,0
542,B,154,16,0,0
543,C,50,4,0,0
544,A,121,11,0,0
545,C,136,10,0,0
546,B,215,21,0,0
547,A,55,3,0,0
548,B,263,30,1,4.515468458
549,A,202,13,0,0
550,C,259,20,0,0
551,A,194,13,0,0
552,A,110,10,0,0
553,A,61,6,0,0
554,A,55,3,0,0
555,A,267,15,0,0
556,B,76,5,0,0
557,A,185,16,0,0
558,A,260,25,0,0
559,C,173,7,0,0
560,A,155,14,0,0
561,C,242,15,1,4.463111047
562,B,234,23,1,5.41570497
563,A,142,16,0,0
564,C,158,10,0,0
565,C,290,20,0,0
566,B,148,7,0,0
567,A,217,12,0,0
568,A,191,13,0,0
569,C,84,2,0,0
570,A,225,19,0,0
571,C,286,19,0,0
572,A,133,11,1,6.0627696
573,C,105,5,0,0
574,A,226,16,0,0
575,B,190,21,0,0
576,A,238,27,0,0
577,A,279,15,0,0
578,B,98,14,1,5.062848842
579,A,95,8,0,0
580,B,162,17,1,5.191976745
581,A,239,19,1,5.072743329
582,C,185,8,0,0
583,C,92,3,0,0
584,A,197,17,0,0
585,A,173,12,1,4.57506421
586,A,146,16,1,4.868241812
587,C,139,9,0,0
588,A,88,4,0,0
589,C,134,11,0,0
590,B,294,27,2,12.5144755
591,C,226,16,0,0
592,C,241,19,0,0
593,B,111,15,1,6.100289723
594,C,155,13,0,0
595,A,156,14,0,0
596,A,103,9,0,0
597,C,175,18,0,0
598,A,282,20,0,0
599,C,58,0,0,0
600,A,137,9,0,0
601,A,86,5,0,0
602,C,98,8,0,0
603,A,90,8,0,0
604,C,66,5,0,0
605,A,137,5,0,0
606,A,70,7,0,0
607,B,100,9,0,0
608,B,108,12,0,0
609,C,216,16,0,0
610,B,232,21,2,13.02346193
611,C,90,4,0,0
612,B,88,5,0,0
613,A,190,19,0,0
614,C,241,23,1,3.495024085
615,C,60,5,0,0
616,A,287,17,1,5.203353758
617,C,196,13,0,0
618,C,188,15,0,0
619,B,126,15,0,0
620,C,176,8,0,0
621,A,95,0,0,0
622,B,94,11,1,6.788049084
623,B,50,4,0,0
624,A,217,15,0,0
625,A,157,6,0,0
626,B,68,7,0,0
627,C,125,12,0,0
628,B,121,18,0,0
629,A,249,20,0,0
630,B,238,24,1,5.751152281
631,A,294,17,0,0
632,B,158,16,0,0
633,C,61,4,0,0
634,B,238,25,1,5.563433949
635,B,289,27,0,0
636,A,210,14,1,3.336159627
637,A,94,4,0,0
638,A,139,9,0,0
639,B,152,10,0,0
640,C,269,15,0,0
641,A,299,35,2,10.19894192
642,A,246,19,0,0
643,B,57,6,0,0
644,A,202,21,0,0
645,C,140,18,0,0
646,C,223,16,2,9.113340588
647,A,136,14,1,5.682078196
648,A,207,15,0,0
649,B,286,26,0,0
650,C,224,15,0,0
651,C,264,20,0,0
652,A,226,20,1,4.740347592
653,B,224,20,1,8.097695189
654,C,133,6,0,0
655,C,131,10,1,3.861497976
656,B,195,15,0,0
657,B,243,25,0,0
658,C,117,9,0,0
659,C,271,21,0,0
660,B,210,24,1,8.207998653
661,C,176,16,0,0
662,A,213,17,0,0
663,A,131,12,0,0
664,B,278,29,1,5.505171395
665,B,196,16,0,0
666,B,288,19,0,0
667,A,205,14,1,6.730171805
668,C,217,15,1,5.922560329
669,A,133,11,1,5.402644511
670,C,162,15,0,0
671,A,274,18,0,0
672,C,125,6,0,0
673,A,171,20,0,0
674,B,292,23,2,11.71034809
675,A,192,15,0,0
676,C,90,7,0,0
677,A,216,18,0,0
678,A,51,2,0,0
679,A,240,13,1,3.678884333
680,B,78,5,0,0
681,A,154,13,0,0
682,B,251,25,0,0
683,B,243,21,0,0
684,A,100,9,0,0
685,A,124,13,0,0
686,A,254,13,0,0
687,C,59,4,0,0
688,A,191,17,1,5.248259796
689,B,259,23,2,12.45818951
690,A,100,7,1,4.326052338
691,C,167,13,0,0
692,A,250,26,0,0
693,C,170,15,0,0
694,C,88,7,0,0
695,A,77,8,1,1.883347153
696,B,52,4,0,0
697,C,133,10,0,0
698,A,247,19,2,7.905700344
699,A,204,13,0,0
700,B,166,19,0,0
701,C,51,4,0,0
702,C,142,9,0,0
703,A,215,23,0,0
704,A,180,7,0,0
705,B,193,17,0,0
706,B,143,9,0,0
707,C,89,8,0,0
708,C,51,4,0,0
709,A,130,9,0,0
710,C,218,17,1,7.898127318
711,B,61,5,1,6.455066154
712,B,212,24,0,0
713,A,284,22,0,0
714,B,114,11,0,0
715,B,104,15,0,0
716,B,94,7,0,0
717,B,256,20,1,8.604158353
718,A,267,22,0,0
719,A,150,19,1,5.341559473
720,C,262,17,1,4.894128896
721,B,111,6,1,6.403976765
722,C,98,6,0,0
723,A,176,14,1,3.248497296
724,A,272,17,0,0
725,A,202,18,0,0
726,A,72,13,0,0
727,A,201,15,0,0
728,A,298,22,1,4.251789685
729,A,87,6,0,0
730,B,77,5,0,0
731,C,70,7,0,0
732,A,231,17,0,0
733,B,156,14,0,0
734,B,195,21,1,5.204575208
735,C,213,14,0,0
736,A,148,13,0,0
737,C,222,10,0,0
738,A,168,17,0,0
739,B,122,18,0,0
740,B,230,25,0,0
741,B,279,37,3,21.08113756
742,B,171,13,0,0
743,C,79,5,0,0
744,A,237,20,0,0
745,A,157,13,1,6.84200015
746,C,147,9,0,0
747,A,81,5,0,0
748,B,244,19,1,5.636088436
749,A,244,18,0,0
750,B,205,16,0,0
751,C,221,18,0,0
752,A,128,8,0,0
753,C,90,3,0,0
754,A,112,9,0,0
755,B,72,8,0,0
756,C,153,14,0,0
757,A,124,10,0,0
758,B,97,8,1,7.843925743
759,C,209,18,1,5.282703939
760,C,299,21,0,0
761,A,106,5,0,0
762,A,167,14,0,0
763,A,149,16,0,0
764,B,173,16,0,0
765,A,210,15,2,10.25690213
766,C,201,10,0,0
767,C,216,11,0,0
768,A,83,6,0,0
769,A,233,20,0,0
770,C,205,9,0,0
771,B,214,28,0,0
772,A,56,6,0,0
773,A,245,20,1,6.44841167
774,C,214,18,0,0
775,A,105,5,1,5.285871785
776,B,114,11,1,6.188486381
777,C,242,18,0,0
778,A,96,10,0,0
779,C,197,17,0,0
780,A,68,4,1,5.738193959
781,A,206,23,0,0
782,A,251,15,0,0
783,B,237,29,0,0
784,B,195,28,0,0
785,C,269,15,2,12.03664565
786,A,212,19,0,0
787,A,220,11,0,0
788,B,288,27,0,0
789,A,272,22,2,9.142273199
790,B,268,28,0,0
791,A,175,20,0,0
792,C,188,15,0,0
793,A,98,8,0,0
794,A,162,16,0,0
795,B,87,14,0,0
796,A,113,4,0,0
797,A,118,16,1,4.522994282
798,B,185,13,0,0
799,C,211,18,0,0
800,C,225,13,0,0
801,B,165,12,1,5.661743356
802,B,233,22,2,14.42901602
803,B,253,27,1,5.985306247
804,B,279,26,0,0
805,B,114,7,0,0
806,C,80,6,0,0
807,C,181,17,0,0
808,B,162,15,0,0
809,A,158,10,0,0
810,B,227,22,2,12.19347287
811,A,118,5,0,0
812,B,207,25,1,5.509821492
813,B,169,21,0,0
814,C,137,10,0,0
815,A,236,17,0,0
816,A,116,12,0,0
817,C,124,9,0,0
818,C,94,9,0,0
819,C,53,4,0,0
820,C,203,17,0,0
821,A,204,17,0,0
822,A,223,17,0,0
823,B,295,39,1,6.616595386
824,B,156,16,0,0
825,C,241,18,0,0
826,C,268,15,2,10.5998546
827,C,283,21,1,5.089200132
828,B,100,10,0,0
829,B,99,7,1,6.373774875
830,B,55,2,0,0
831,B,108,11,0,0
832,B,174,20,0,0
833,B,192,19,1,5.410552681
834,B,294,25,0,0
835,C,79,6,0,0
836,C,219,10,0,0
837,C,278,19,0,0
838,C,171,9,0,0
839,B,174,14,1,5.536582429
840,A,86,5,0,0
841,B,219,20,1,6.827102382
842,A,173,8,0,0
843,C,150,10,0,0
844,B,84,8,0,0
845,C,136,9,0,0
846,B,183,17,0,0
847,C,245,21,0,0
848,A,67,3,0,0
849,A,250,20,0,0
850,A,162,8,0,0
851,B,78,4,0,0
852,A,126,11,2,7.257371648
853,B,108,11,0,0
854,A,224,23,1,5.551652269
855,A,175,14,0,0
856,B,293,39,0,0
857,B,194,13,2,12.98950023
858,A,158,8,0,0
859,B,273,19,0,0
860,A,289,19,0,0
861,B,71,7,0,0
862,C,117,9,0,0
863,C,118,4,0,0
864,C,214,21,0,0
865,C,282,24,0,0
866,C,98,5,0,0
867,A,190,10,1,4.889467093
868,C,211,11,0,0
869,C,158,7,0,0
870,C,135,6,0,0
871,C,102,7,0,0
872,B,172,14,0,0
873,A,136,10,0,0
874,C,228,25,0,0
875,C,180,14,0,0
876,C,91,11,0,0
877,A,147,8,1,4.360593964
878,B,209,19,0,0
879,A,158,13,0,0
880,B,100,6,0,0
881,C,299,10,0,0
882,C,290,22,0,0
883,A,134,12,1,4.795890874
884,A,223,17,0,0
885,B,176,17,0,0
886,B,285,27,0,0
887,A,70,2,0,0
888,B,93,8,0,0
889,A,188,12,0,0
890,B,152,11,0,0
891,A,117,15,0,0
892,A,292,24,0,0
893,A,178,16,0,0
894,B,141,12,0,0
895,B,240,23,0,0
896,B,73,5,0,0
897,A,174,9,0,0
898,B,276,23,1,5.790735288
899,B,190,22,1,7.769790733
900,A,160,14,0,0
901,C,147,11,0,0
902,A,188,15,0,0
903,B,277,35,0,0
904,A,228,12,0,0
905,C,66,3,0,0
906,A,148,10,0,0
907,B,131,16,0,0
908,C,153,19,0,0
909,B,263,23,0,0
910,C,298,26,0,0
911,C,201,18,0,0
912,A,299,20,0,0
913,A,68,5,0,0
914,B,214,20,0,0
915,A,280,32,1,3.704019979
916,A,134,8,0,0
917,C,57,6,0,0
918,A,77,5,0,0
919,C,54,5,0,0
920,C,194,13,0,0
921,C,150,11,0,0
922,B,213,26,0,0
923,B,167,20,1,6.64960944
924,B,196,24,1,5.31765436
925,C,113,4,2,5.916464151
926,B,140,16,0,0
927,B,166,12,0,0
928,A,147,11,0,0
929,B,60,6,0,0
930,B,103,9,0,0
931,C,222,16,0,0
932,C,96,14,1,5.92992779
933,C,189,9,0,0
934,C,295,23,0,0
935,C,198,13,0,0
936,C,295,16,1,5.583050656
937,B,188,15,0,0
938,C,280,27,0,0
939,C,269,24,0,0
940,A,54,7,0,0
941,B,258,38,0,0
942,B,233,20,1,6.424799313
943,B,69,6,0,0
944,C,218,17,0,0
945,C,95,6,0,0
946,C,299,20,0,0
947,A,61,4,0,0
948,C,119,9,0,0
949,A,66,6,0,0
950,B,164,13,0,0
951,C,196,13,0,0
952,A,203,17,0,0
953,A,97,8,0,0
954,C,157,8,0,0
955,B,285,32,1,5.737092802
956,B,101,5,0,0
957,B,145,13,2,10.62372588
958,A,119,12,0,0
959,A,232,19,1,4.407885807
960,A,299,21,0,0
961,A,277,24,0,0
962,B,151,16,0,0
963,C,124,11,0,0
964,A,210,19,1,5.659340995
965,A,239,20,0,0
966,B,265,26,0,0
967,C,200,10,0,0
968,C,192,11,0,0
969,B,204,19,1,7.149028063
970,B,252,26,1,5.376440945
971,C,241,17,1,5.533629203
972,A,298,21,0,0
973,C,292,10,0,0
974,B,291,29,1,5.822372962
975,A,258,18,1,4.001896089
976,A,228,21,0,0
977,B,230,14,0,0
978,B,255,26,1,5.297750458
979,B,268,35,2,11.46052055
980,C,131,6,0,0
981,C,141,10,2,8.486690927
982,A,228,13,0,0
983,B,224,24,0,0
984,A,288,23,0,0
985,A,53,4,0,0
986,A,184,15,0,0
987,A,158,17,0,0
988,B,212,17,1,6.319811635
989,A,97,3,0,0
990,B,122,16,0,0
991,B,121,13,0,0
992,C,165,16,0,0
993,B,222,23,1,5.0455769
994,C,130,12,0,0
995,B,130,12,0,0
996,B,162,19,0,0
997,B,274,34,1,6.390278477
998,C,145,11,0,0
999,C,121,6,0,0
1000,A,196,13,0,0
1001,C,112,6,0,0
1002,C,87,4,0,0
1003,C,116,7,0,0
1004,C,236,17,1,3.622780014
1005,A,118,10,0,0
1006,C,62,4,0,0
1007,B,224,24,0,0
1008,B,287,22,0,0
1009,C,238,11,0,0
1010,C,80,3,0,0
1011,B,296,30,0,0
1012,B,257,22,1,5.918652273
1013,A,163,11,2,12.19089897
1014,B,273,26,0,0
1015,B,71,9,0,0
1016,C,142,4,0,0
1017,B,263,28,0,0
1018,A,220,19,1,6.085177848
1019,B,116,14,1,6.001462855
1020,C,103,11,1,3.826343128
1021,C,187,6,0,0
1022,B,91,6,0,0
1023,C,113,11,0,0
1024,A,175,13,0,0
1025,A,70,6,0,0
1026,B,257,28,0,0
1027,B,253,27,1,6.249887558
1028,B,243,31,1,5.70913483
1029,C,218,26,1,5.048071158
1030,A,201,18,1,5.129367671
1031,A,84,5,0,0
1032,C,233,21,0,0
1033,A,79,3,0,0
1034,B,106,8,0,0
1035,B,271,33,2,12.32367895
1036,B,96,8,1,7.634383199
1037,A,212,14,0,0
1038,B,68,4,0,0
1039,C,163,15,0,0
1040,C,57,4,0,0
1041,A,75,7,0,0
1042,C,162,9,0,0
1043,C,281,23,1,4.026982333
1044,A,120,12,0,0
1045,B,79,6,0,0
1046,B,184,17,0,0
1047,B,116,9,0,0
1048,A,114,15,1,5.623407974
1049,C,85,7,0,0
1050,B,74,11,0,0
1051,B,86,7,0,0
1052,A,50,5,0,0
1053,B,192,22,0,0
1054,A,86,8,0,0
1055,C,190,20,0,0
1056,A,281,21,0,0
1057,A,185,11,0,0
1058,A,182,16,0,0
1059,A,237,21,0,0
1060,C,177,13,0,0
1061,C,250,14,1,4.651157745
1062,B,176,18,1,4.0285187
1063,C,50,3,0,0
1064,C,213,14,0,0
1065,B,84,9,2,14.24566289
1066,C,243,20,0,0
1067,A,240,16,0,0
1068,A,153,11,2,5.011291999
1069,B,72,6,0,0
1070,B,58,4,0,0
1071,B,83,10,0,0
1072,A,223,23,0,0
1073,C,255,16,1,6.963556932
1074,A,177,17,0,0
1075,B,53,8,0,0
1076,C,207,18,0,0
1077,C,272,15,0,0
1078,A,151,18,0,0
1079,B,124,11,0,0
1080,A,148,10,0,0
1081,C,121,4,0,0
1082,A,52,4,0,0
1083,A,191,11,0,0
1084,B,237,20,0,0
1085,B,254,23,0,0
1086,C,222,19,0,0
1087,A,273,27,1,5.049197938
1088,A,83,5,1,4.80704601
1089,A,94,10,0,0
1090,C,110,11,1,5.586633542
1091,C,132,11,0,0
1092,B,172,13,0,0
1093,B,151,17,1,5.599741859
1094,B,65,11,0,0
1095,A,115,10,0,0
1096,A,217,16,1,5.707017503
1097,B,194,19,0,0
1098,A,168,15,1,6.05276894
1099,B,211,21,1,6.505110612
1100,C,283,15,0,0
1101,B,173,15,0,0
1102,C,193,16,0,0
1103,A,151,16,2,6.426377556
1104,B,237,19,1,8.891658693
1105,A,115,14,0,0
1106,C,243,15,0,0
1107,C,267,20,0,0
1108,C,62,6,0,0
1109,A,233,22,0,0
1110,A,160,19,0,0
1111,A,208,15,0,0
1112,A,83,9,0,0
1113,C,88,4,0,0
1114,C,244,19,0,0
1115,B,185,21,1,6.706370697
1116,B,264,29,1,5.916255565
1117,A,255,17,0,0
1118,C,169,16,0,0
1119,C,175,9,0,0
1120,C,104,3,0,0
1121,B,76,9,0,0
1122,B,167,16,0,0
1123,C,270,23,1,3.130014228
1124,C,280,18,0,0
1125,C,102,5,0,0
1126,B,88,12,0,0
1127,C,114,8,0,0
1128,C,194,10,0,0
1129,A,282,25,1,6.091298956
1130,A,207,17,0,0
1131,B,230,24,1,6.621390337
1132,C,62,4,0,0
1133,C,70,7,0,0
1134,A,196,19,0,0
1135,B,102,12,0,0
1136,A,68,3,0,0
1137,A,106,11,0,0
1138,A,74,7,1,3.952190182
1139,A,263,23,0,0
1140,C,80,5,0,0
1141,C,130,13,0,0
1142,A,232,21,1,5.470876257
1143,B,72,4,0,0
1144,B,81,7,0,0
1145,B,239,30,1,6.197423048
1146,B,123,7,0,0
1147,A,59,9,1,5.227133829
1148,C,277,21,0,0
1149,B,249,26,0,0
1150,A,103,6,1,4.638517794
1151,B,101,8,0,0
1152,B,197,26,1,6.556242188
1153,A,209,15,0,0
1154,C,163,14,0,0
1155,C,63,4,0,0
1156,A,227,14,0,0
1157,C,205,7,0,0
1158,A,159,13,0,0
1159,A,293,33,1,3.858834184
1160,A,102,7,0,0
1161,C,201,13,1,5.771665233
1162,A,128,9,0,0
1163,B,71,7,0,0
1164,C,79,5,1,5.148252656
1165,C,240,21,0,0
1166,C,53,4,0,0
1167,C,254,18,0,0
1168,B,108,7,0,0
1169,C,264,28,0,0
1170,C,57,3,1,5.94663141
1171,A,259,15,1,5.472748973
1172,C,61,5,0,0
1173,B,168,18,0,0
1174,B,208,20,0,0
1175,B,255,24,0,0
1176,B,83,10,0,0
1177,C,131,7,0,0
1178,C,297,25,0,0
1179,B,147,16,1,7.089099003
1180,B,176,17,0,0
1181,C,124,8,0,0
1182,B,154,13,0,0
1183,A,253,23,0,0
1184,B,98,10,0,0
1185,B,128,11,1,4.27669688
1186,A,234,20,0,0
1187,A,272,34,2,9.534415999
1188,C,290,19,0,0
1189,C,299,27,2,8.863567417
1190,A,142,10,0,0
1191,A,203,10,1,2.573682427
1192,C,67,3,0,0
1193,B,145,14,1,5.350853815
1194,A,263,18,1,4.601794076
1195,C,87,0,0,0
1196,B,258,33,0,0
1197,A,136,14,0,0
1198,B,137,16,1,6.795487695
1199,C,99,4,0,0
1200,A,57,2,0,0
1201,B,218,15,0,0
1202,A,183,17,0,0
1203,B,118,17,1,6.422291631
1204,C,221,15,0,0
1205,C,170,8,0,0
1206,A,113,9,1,2.955443747
1207,B,206,19,0,0
1208,A,205,15,0,0
1209,A,188,16,0,0
1210,B,170,19,0,0
1211,B,114,8,0,0
1212,B,156,9,0,0
1213,C,196,23,0,0
1214,A,186,12,0,0
1215,A,204,10,0,0
1216,C,211,11,0,0
1217,B,221,15,1,4.160434952
1218,C,245,16,0,0
1219,C,149,13,0,0
1220,C,131,8,0,0
1221,A,192,15,0,0
1222,C,100,8,0,0
1223,A,190,15,0,0
1224,A,132,14,0,0
1225,A,226,23,1,6.600562507
1226,B,247,14,0,0
1227,A,161,15,1,4.469199521
1228,A,105,8,1,3.784727424
1229,B,253,37,0,0
1230,A,228,18,0,0
1231,C,214,24,0,0
1232,C,194,16,0,0
1233,A,235,16,0,0
1234,B,264,27,1,6.529170367
1235,C,267,29,0,0
1236,B,206,25,0,0
1237,B,210,15,0,0
1238,C,109,9,0,0
1239,B,268,25,1,5.505009801
1240,C,266,9,0,0
1241,B,169,16,1,6.298858464
1242,C,232,13,0,0
1243,A,187,18,0,0
1244,C,224,14,0,0
1245,C,72,7,0,0
1246,C,262,6,0,0
1247,C,198,12,0,0
1248,B,284,25,2,14.63884358
1249,A,62,3,0,0
1250,C,150,6,0,0
1251,B,210,17,0,0
1252,A,73,6,0,0
1253,A,157,11,0,0
1254,A,60,4,1,3.975050469
1255,A,66,4,0,0
1256,C,245,22,0,0
1257,C,224,21,1,5.437614844
1258,B,74,7,0,0
1259,B,143,13,0,0
1260,B,250,19,0,0
1261,A,70,10,0,0
1262,A,133,6,0,0
1263,C,260,16,0,0
1264,A,260,18,1,3.533094055
1265,A,189,13,0,0
1266,A,86,4,1,5.094406953
1267,B,91,11,0,0
1268,B,194,15,0,0
1269,C,150,11,0,0
1270,A,295,18,0,0
1271,A,97,4,0,0
1272,C,152,15,2,9.260478168
1273,A,77,4,0,0
1274,A,90,10,0,0
1275,B,148,15,0,0
1276,C,96,3,0,0
1277,C,289,28,1,5.742801082
1278,C,195,11,0,0
1279,C,255,22,0,0
1280,B,276,23,0,0
1281,B,285,34,0,0
1282,A,154,5,0,0
1283,A,173,14,0,0
1284,A,248,23,0,0
1285,A,282,30,0,0
1286,B,62,9,0,0
1287,C,259,22,1,6.00944905
1288,B,278,34,2,8.870047257
1289,A,190,12,0,0
1290,B,149,13,0,0
1291,C,80,4,0,0
1292,C,179,11,0,0
1293,B,65,6,0,0
1294,B,186,19,0,0
1295,B,122,9,1,6.968950652
1296,A,215,19,1,6.2651555
1297,B,252,21,0,0
1298,B,103,9,0,0
1299,B,233,23,0,0
1300,C,263,22,0,0
1301,C,274,22,0,0
1302,A,149,13,0,0
1303,A,158,9,1,6.415912362
1304,C,136,10,0,0
1305,C,222,11,0,0
1306,C,286,19,0,0
1307,B,211,20,1,7.711806868
1308,B,186,12,0,0
1309,C,265,16,1,5.892095244
1310,B,57,10,0,0
1311,B,56,10,0,0
1312,A,85,6,0,0
1313,C,67,1,0,0
1314,C,52,2,0,0
1315,B,77,7,0,0
1316,C,119,13,1,5.605600815
1317,A,285,18,0,0
1318,A,221,21,0,0
1319,A,198,11,0,0
1320,C,77,10,0,0
1321,C,281,18,0,0
1322,C,103,9,0,0
1323,C,231,14,0,0
1324,C,114,9,0,0
1325,A,149,9,0,0
1326,B,70,4,0,0
1327,A,284,30,0,0
1328,C,276,25,0,0
1329,A,62,8,0,0
1330,C,106,8,0,0
1331,C,98,9,0,0
1332,A,167,8,0,0
1333,C,103,6,0,0
1334,B,187,17,0,0
1335,C,102,8,1,5.32688922
1336,B,93,8,0,0
1337,B,96,7,0,0
1338,C,102,8,0,0
1339,A,123,12,0,0
1340,B,95,9,1,4.455726679
1341,A,62,3,0,0
1342,B,214,18,2,11.08774861
1343,C,151,8,1,4.80953193
1344,C,73,4,0,0
1345,B,51,6,0,0
1346,C,263,19,0,0
1347,B,130,15,0,0
1348,C,149,9,0,0
1349,A,191,19,0,0
1350,C,187,10,0,0
1351,A,212,17,0,0
1352,C,202,17,0,0
1353,A,180,11,1,4.206832941
1354,C,160,7,0,0
1355,A,151,16,1,4.262244753
1356,B,66,6,0,0
1357,B,61,7,0,0
1358,A,231,11,0,0
1359,C,165,13,0,0
1360,A,73,5,0,0
1361,C,78,2,0,0
1362,B,220,23,1,5.725422
1363,C,202,12,0,0
1364,B,277,26,0,0
1365,C,171,7,0,0
1366,C,237,12,0,0
1367,C,139,8,0,0
1368,A,279,16,0,0
1369,A,114,13,1,5.437424486
1370,B,133,5,0,0
1371,B,168,17,0,0
1372,A,205,12,0,0
1373,B,65,5,0,0
1374,A,224,24,0,0
1375,C,258,14,2,4.819762986
1376,B,153,22,0,0
1377,B,141,11,1,6.131592961
1378,A,235,21,0,0
1379,B,253,26,0,0
1380,B,76,11,1,6.431459958
1381,C,295,21,0,0
1382,B,230,23,0,0
1383,C,219,12,0,0
1384,A,236,15,0,0
1385,B,224,29,0,0
1386,C,271,17,0,0
1387,A,282,21,0,0
1388,B,211,24,0,0
1389,A,214,15,0,0
1390,B,183,25,1,4.445051177
1391,A,184,17,1,4.601518355
1392,A,273,23,0,0
1393,C,273,24,0,0
1394,A,294,16,1,5.906182157
1395,B,202,17,0,0
1396,B,82,8,1,5.699555062
1397,C,104,5,0,0
1398,B,235,26,1,7.013401931
1399,B,56,9,0,0
1400,B,293,28,1,6.421933712
1401,A,106,7,0,0
1402,A,175,21,0,0
1403,B,61,6,0,0
1404,C,65,4,0,0
1405,A,257,19,0,0
1406,C,92,10,0,0
1407,B,166,17,0,0
1408,B,277,31,0,0
1409,A,254,24,0,0
1410,B,184,17,0,0
1411,A,277,21,0,0
1412,B,160,20,1,5.362543476
1413,B,100,9,0,0
1414,A,250,23,0,0
1415,A,209,23,0,0
1416,A,124,11,0,0
1417,B,57,7,0,0
1418,B,274,32,2,11.62649787
1419,C,264,23,0,0
1420,A,266,20,2,7.313546704
1421,B,297,21,0,0
1422,B,249,24,1,7.42471883
1423,A,94,9,0,0
1424,C,263,18,1,5.472710393
1425,A,108,10,0,0
1426,C,181,11,0,0
1427,B,153,16,1,5.870227776
1428,C,244,14,0,0
1429,B,206,23,0,0
1430,A,282,23,1,3.97581736
1431,A,206,13,0,0
1432,A,147,10,0,0
1433,C,275,22,0,0
1434,B,205,20,0,0
1435,A,254,17,0,0
1436,A,128,16,0,0
1437,B,173,19,0,0
1438,A,264,29,0,0
1439,B,221,21,1,7.018995832
1440,B,267,26,3,17.61959409
1441,B,53,8,0,0
1442,B,139,14,0,0
1443,B,153,17,1,4.722582001
1444,C,186,11,0,0
1445,A,168,13,0,0
1446,C,182,9,1,7.187976244
1447,A,105,6,0,0
1448,C,145,2,0,0
1449,B,261,18,1,5.26913438
1450,A,227,27,0,0
1451,A,124,8,0,0
1452,C,192,15,0,0
1453,C,81,8,0,0
1454,A,77,6,0,0
1455,C,71,3,0,0
1456,C,282,22,1,3.851442877
1457,C,66,5,0,0
1458,B,108,13,1,6.275874006
1459,B,139,16,1,7.27133344
1460,C,285,29,1,4.615453466
1461,C,248,18,0,0
1462,B,155,14,0,0
1463,B,234,25,0,0
1464,A,75,3,0,0
1465,A,74,9,0,0
1466,B,187,14,0,0
1467,C,94,5,0,0
1468,C,132,12,1,4.350866169
1469,C,60,5,0,0
1470,C,254,17,0,0
1471,A,230,18,0,0
1472,B,249,30,0,0
1473,C,153,9,1,2.995753329
1474,A,117,13,0,0
1475,C,288,14,0,0
1476,B,144,17,1,3.177365042
1477,A,205,20,0,0
1478,B,252,21,1,5.949934642
1479,B,284,27,0,0
1480,A,114,6,0,0
1481,A,98,9,0,0
1482,A,224,18,0,0
1483,A,101,9,0,0
1484,A,151,9,0,0
1485,A,265,18,1,4.829224168
1486,A,231,12,0,0
1487,C,237,15,0,0
1488,B,106,11,0,0
1489,A,96,11,1,4.636174274
1490,C,208,16,0,0
1491,C,282,19,1,4.711958027
1492,C,223,22,1,3.801779679
1493,B,291,32,0,0
1494,A,75,10,0,0
1495,C,290,20,0,0
1496,B,163,14,1,6.668353968
1497,B,54,2,0,0
1498,B,133,15,0,0
1499,C,101,4,0,0
1500,A,154,10,0,0
1501,C,252,18,0,0
1502,C,297,21,0,0
1503,A,103,9,0,0
1504,A,210,13,1,6.163229755
1505,A,227,17,0,0
1506,B,215,23,0,0
1507,A,204,24,1,3.80404566
1508,C,275,22,0,0
1509,A,64,8,1,3.302910019
1510,C,273,22,2,6.891389915
1511,B,110,12,0,0
1512,C,171,9,0,0
1513,C,70,6,0,0
1514,A,95,8,0,0
1515,A,246,21,0,0
1516,C,183,13,0,0
1517,A,87,7,0,0
1518,B,111,10,1,7.454605539
1519,B,135,14,0,0
1520,A,239,16,0,0
1521,B,259,30,0,0
1522,A,127,7,1,4.327824809
1523,C,251,12,0,0
1524,C,95,6,0,0
1525,B,190,21,0,0
1526,A,272,21,0,0
1527,A,271,19,0,0
1528,B,52,5,0,0
1529,C,271,17,0,0
1530,B,55,9,0,0
1531,C,142,14,0,0
1532,A,57,4,1,5.295237037
1533,C,221,14,0,0
1534,B,286,32,3,15.90146906
1535,A,284,15,0,0
1536,B,157,15,0,0
1537,B,210,19,0,0
1538,C,258,24,0,0
1539,B,289,18,0,0
1540,C,124,9,0,0
1541,A,126,12,0,0
1542,C,99,7,0,0
1543,A,60,2,0,0
1544,C,144,16,1,4.790621498
1545,B,205,21,0,0
1546,C,285,21,0,0
1547,C,119,6,0,0
1548,A,218,17,0,0
1549,B,65,6,0,0
1550,C,117,4,0,0
1551,B,148,10,0,0
1552,C,97,9,0,0
1553,C,233,13,0,0
1554,B,113,9,0,0
1555,C,236,16,0,0
1556,B,139,16,2,9.873557518
1557,C,239,11,0,0
1558,A,298,25,0,0
1559,B,125,9,1,6.071618393
1560,C,188,7,0,0
1561,C,150,6,0,0
1562,A,138,14,0,0
1563,B,67,4,1,6.958391952
1564,C,68,2,0,0
1565,A,264,20,1,6.096117935
1566,C,104,10,0,0
1567,B,151,13,0,0
1568,C,167,11,0,0
1569,C,259,11,0,0
1570,C,203,14,1,5.617580732
1571,C,183,13,2,10.14420042
1572,A,53,4,0,0
1573,A,157,11,0,0
1574,B,164,14,1,5.708121146
1575,A,78,3,0,0
1576,A,108,8,0,0
1577,B,174,12,0,0
1578,A,147,14,0,0
1579,A,66,10,0,0
1580,B,156,23,0,0
1581,B,92,12,0,0
1582,B,294,31,3,15.86339412
1583,C,129,10,0,0
1584,C,243,15,0,0
1585,B,211,22,0,0
1586,B,296,29,1,6.567246849
1587,B,57,5,0,0
1588,C,190,16,0,0
1589,C,155,9,0,0
1590,A,57,3,0,0
1591,A,271,28,1,5.889553631
1592,B,145,9,0,0
1593,C,277,19,0,0
1594,C,288,26,0,0
1595,C,143,11,0,0
1596,B,114,12,0,0
1597,A,220,15,1,4.710082914
1598,B,88,8,1,6.707378575
1599,A,130,14,0,0
1600,A,236,19,1,4.612688462
1601,B,133,13,0,0
1602,A,137,7,1,6.439900556
1603,A,291,14,0,0
1604,C,135,15,0,0
1605,A,142,10,0,0
1606,B,135,14,0,0
1607,B,93,5,1,5.519223438
1608,A,186,17,0,0
1609,C,214,21,0,0
1610,C,123,9,0,0
1611,A,85,4,0,0
1612,A,150,13,0,0
1613,B,269,30,0,0
1614,A,205,15,1,4.346969425
1615,C,219,20,0,0
1616,A,220,19,0,0
1617,B,262,32,2,12.32046073
1618,B,265,28,0,0
1619,B,219,17,0,0
1620,B,153,13,0,0
1621,B,115,9,1,3.861011106
1622,A,104,12,0,0
1623,A,249,23,2,11.44638595
1624,A,225,20,1,4.862372118
1625,A,140,9,0,0
1626,B,71,5,0,0
1627,C,150,13,0,0
1628,A,204,16,0,0
1629,C,170,9,0,0
1630,A,142,12,1,3.476141363
1631,A,244,12,0,0
1632,C,157,9,0,0
1633,B,190,19,0,0
1634,A,222,14,0,0
1635,A,59,10,0,0
1636,A,277,18,0,0
1637,C,58,2,0,0
1638,B,231,19,0,0
1639,C,297,24,0,0
1640,C,296,20,1,3.750157077
1641,B,204,21,1,5.768897349
1642,C,83,2,0,0
1643,B,292,20,0,0
1644,A,178,14,0,0
1645,B,209,25,0,0
1646,A,138,15,0,0
1647,C,142,6,0,0
1648,C,120,9,0,0
1649,A,290,30,0,0
1650,C,116,7,0,0
1651,B,261,31,0,0
1652,A,197,12,0,0
1653,C,166,17,2,10.93624015
1654,A,143,14,0,0
1655,B,212,28,0,0
1656,B,148,16,0,0
1657,C,162,10,1,4.088541369
1658,B,152,21,0,0
1659,A,140,9,0,0
1660,B,139,12,1,4.967994344
1661,A,255,23,0,0
1662,A,66,7,0,0
1663,B,67,10,0,0
1664,C,222,12,0,0
1665,B,165,20,0,0
1666,A,142,13,0,0
1667,A,261,14,0,0
1668,B,230,22,1,5.94303432
1669,C,140,8,0,0
1670,C,131,8,0,0
1671,A,117,16,0,0
1672,A,242,21,2,11.80201065
1673,C,163,13,0,0
1674,B,50,10,0,0
1675,A,107,8,0,0
1676,A,203,19,0,0
1677,C,158,10,0,0
1678,B,197,24,0,0
1679,C,165,9,0,0
1680,B,136,19,0,0
1681,B,59,4,0,0
1682,B,108,9,0,0
1683,A,252,23,0,0
1684,C,90,6,0,0
1685,C,154,12,0,0
1686,B,182,18,0,0
1687,A,171,16,0,0
1688,A,242,16,0,0
1689,C,194,8,0,0
1690,A,71,4,0,0
1691,A,147,11,0,0
1692,B,297,25,0,0
1693,A,286,21,1,3.933961637
1694,B,218,21,0,0
1695,C,270,13,0,0
1696,A,117,10,0,0
1697,C,246,22,0,0
1698,C,188,10,0,0
1699,A,105,9,0,0
1700,A,228,20,0,0
1701,C,198,13,0,0
1702,A,148,13,1,4.626859524
1703,B,125,12,0,0
1704,B,75,7,0,0
1705,A,164,5,0,0
1706,C,196,15,0,0
1707,A,158,14,1,4.338063591
1708,A,237,12,0,0
1709,C,248,16,0,0
1710,C,96,12,0,0
1711,B,296,28,1,6.866774665
1712,C,120,8,0,0
1713,B,203,26,0,0
1714,C,89,8,0,0
1715,A,182,15,0,0
1716,B,198,23,0,0
1717,B,255,31,1,4.188976857
1718,B,181,18,1,5.416802842
1719,A,72,5,0,0
1720,A,155,11,1,3.992215728
1721,A,133,17,2,10.86217615
1722,A,192,17,0,0
1723,A,291,17,0,0
1724,B,165,21,0,0
1725,A,158,12,1,6.380926564
1726,B,270,20,0,0
1727,A,185,15,2,13.88241202
1728,C,90,6,0,0
1729,B,161,21,1,6.162212917
1730,C,196,11,0,0
1731,B,161,20,0,0
1732,C,152,11,0,0
1733,A,95,4,0,0
1734,A,205,24,1,5.741165047
1735,A,287,23,0,0
1736,B,298,27,1,5.577341971
1737,C,268,18,0,0
1738,A,117,13,0,0
1739,C,171,10,0,0
1740,C,64,3,0,0
1741,A,276,17,0,0
1742,A,214,15,0,0
1743,C,178,15,0,0
1744,A,244,19,0,0
1745,A,160,10,0,0
1746,A,73,4,0,0
1747,B,76,6,0,0
1748,C,89,10,0,0
1749,C,240,15,0,0
1750,B,238,35,0,0
1751,C,213,15,1,4.374539461
1752,A,275,18,1,3.662757584
1753,C,270,24,0,0
1754,A,73,5,0,0
1755,B,73,9,1,4.895641621
1756,A,283,33,0,0
1757,C,53,1,0,0
1758,C,116,5,0,0
1759,C,83,7,0,0
1760,B,234,21,2,9.084447824
1761,B,226,19,1,6.340089411
1762,C,264,12,0,0
1763,A,230,11,0,0
1764,B,297,34,1,5.366556365
1765,C,165,8,0,0
1766,C,72,5,0,0
1767,B,158,17,0,0
1768,B,118,11,0,0
1769,B,144,8,1,6.504750689
1770,A,230,22,1,4.772278997
1771,A,111,3,0,0
1772,C,218,18,0,0
1773,B,106,15,0,0
1774,A,298,23,0,0
1775,B,237,24,0,0
1776,C,103,7,0,0
1777,A,119,9,0,0
1778,A,150,16,0,0
1779,A,106,12,0,0
1780,C,187,11,0,0
1781,B,217,23,0,0
1782,A,184,20,0,0
1783,C,152,16,0,0
1784,B,215,21,0,0
1785,C,134,9,0,0
1786,B,110,9,1,6.135733043
1787,C,261,26,1,5.428925061
1788,B,52,3,0,0
1789,A,177,15,0,0
1790,B,228,20,0,0
1791,C,135,8,0,0
1792,C,96,6,0,0
1793,B,245,40,1,6.087277469
1794,A,269,15,0,0
1795,A,125,10,1,6.176979364
1796,B,87,5,0,0
1797,B,292,24,2,12.59084825
1798,C,213,14,1,4.685716689
1799,A,288,23,0,0
1800,B,218,19,1,5.830180028
1801,A,246,18,0,0
1802,B,190,14,1,4.997896075
1803,B,136,12,0,0
1804,A,107,14,1,5.428800718
1805,B,99,15,0,0
1806,B,79,7,1,4.962295178
1807,C,239,17,0,0
1808,B,150,20,0,0
1809,B,74,2,0,0
1810,B,161,19,1,5.514632956
1811,C,204,20,0,0
1812,A,228,13,0,0
1813,C,255,14,0,0
1814,C,234,24,2,5.43957966
1815,A,175,14,0,0
1816,C,289,11,0,0
1817,A,172,11,0,0
1818,C,96,6,0,0
1819,A,167,15,0,0
1820,B,277,31,2,11.6440405
1821,C,88,13,0,0
1822,C,65,3,0,0
1823,C,297,21,0,0
1824,C,71,5,0,0
1825,B,262,25,0,0
1826,C,103,5,0,0
1827,B,198,29,1,3.359214364
1828,B,249,30,0,0
1829,B,290,29,0,0
1830,B,65,7,0,0
1831,A,108,6,0,0
1832,A,296,24,0,0
1833,C,80,7,0,0
1834,A,219,18,0,0
1835,A,251,31,1,4.971419248
1836,C,81,6,0,0
1837,C,236,15,0,0
1838,C,211,17,0,0
1839,A,58,3,0,0
1840,A,258,19,0,0
1841,C,188,12,0,0
1842,B,273,26,0,0
1843,C,59,6,0,0
1844,B,263,26,1,5.427712627
1845,B,298,34,0,0
1846,C,66,5,0,0
1847,C,117,7,0,0
1848,C,97,9,0,0
1849,A,229,15,0,0
1850,B,160,13,0,0
1851,A,202,16,0,0
1852,A,172,11,0,0
1853,C,198,6,0,0
1854,A,150,13,0,0
1855,C,151,11,0,0
1856,B,290,28,3,19.54967113
1857,C,114,13,0,0
1858,A,240,20,0,0
1859,A,266,26,0,0
1860,C,100,4,0,0
1861,C,85,6,0,0
1862,A,130,14,1,5.847580318
1863,B,282,29,1,6.218113555
1864,B,176,20,1,4.623038346
1865,C,137,8,0,0
1866,B,243,18,0,0
1867,A,153,12,0,0
1868,C,64,4,0,0
1869,A,145,15,1,4.630636381
1870,A,216,14,0,0
1871,B,172,25,2,10.02484001
1872,C,247,24,0,0
1873,C,50,2,0,0
1874,B,288,27,0,0
1875,A,200,21,0,0
1876,A,171,20,0,0
1877,A,216,17,0,0
1878,A,175,12,0,0
1879,C,106,7,0,0
1880,C,130,10,0,0
1881,B,211,18,2,12.01904832
1882,B,218,25,0,0
1883,C,270,12,0,0
1884,C,122,4,0,0
1885,A,190,14,0,0
1886,A,119,8,0,0
1887,B,55,4,0,0
1888,C,133,9,0,0
1889,B,101,9,0,0
1890,C,294,17,0,0
1891,A,52,3,0,0
1892,B,130,20,0,0
1893,B,112,10,0,0
1894,C,98,6,0,0
1895,A,125,10,0,0
1896,B,161,25,0,0
1897,A,224,15,2,9.75256566
1898,B,158,17,0,0
1899,A,232,21,0,0
1900,C,241,18,0,0
1901,B,114,7,0,0
1902,B,130,14,0,0
1903,A,244,13,1,4.594698939
1904,A,267,22,2,10.97392128
1905,B,64,8,0,0
1906,C,149,8,0,0
1907,A,81,9,0,0
1908,A,145,6,0,0
1909,A,177,18,0,0
1910,B,245,24,0,0
1911,B,195,16,0,0
1912,B,162,12,0,0
1913,B,132,19,0,0
1914,C,92,3,0,0
1915,C,165,9,0,0
1916,B,212,19,0,0
1917,C,281,21,1,4.524687764
1918,A,127,10,0,0
1919,A,107,5,0,0
1920,A,82,5,0,0
1921,B,63,5,0,0
1922,A,211,14,0,0
1923,C,238,16,0,0
1924,B,296,32,2,12.52252342
1925,C,181,10,0,0
1926,A,265,20,0,0
1927,A,108,8,0,0
1928,A,206,25,2,7.521176706
1929,B,132,19,0,0
1930,C,183,16,1,4.085935567
1931,B,170,14,1,7.720265309
1932,B,274,20,0,0
1933,A,226,16,1,4.788708642
1934,B,217,19,3,15.534239
1935,B,132,13,0,0
1936,A,294,27,0,0
1937,B,242,29,1,7.176448825
1938,A,246,24,0,0
1939,A,76,5,0,0
1940,A,129,12,0,0
1941,A,183,13,0,0
1942,B,281,21,0,0
1943,A,62,6,0,0
1944,A,289,13,1,4.828241953
1945,B,113,10,0,0
1946,B,239,22,0,0
1947,C,276,21,0,0
1948,B,196,23,1,7.365286136
1949,B,253,23,2,13.16400671
1950,C,129,12,0,0
1951,B,172,15,0,0
1952,B,92,9,1,5.216149415
1953,B,251,28,2,11.19064976
1954,B,138,15,1,4.022886821
1955,C,197,22,1,3.390731414
1956,B,144,12,0,0
1957,B,245,26,0,0
1958,C,221,16,0,0
1959,A,200,21,0,0
1960,C,51,2,0,0
1961,A,169,16,0,0
1962,C,71,5,0,0
1963,C,164,9,1,4.950972811
1964,B,106,10,0,0
1965,A,278,20,2,8.970714384
1966,B,121,13,2,12.28836398
1967,A,56,7,0,0
1968,C,255,18,0,0
1969,C,233,17,0,0
1970,A,168,13,0,0
1971,B,244,17,0,0
1972,B,163,13,0,0
1973,B,65,6,1,5.435546566
1974,B,296,27,0,0
1975,C,132,7,0,0
1976,C,228,16,0,0
1977,C,259,16,0,0
1978,C,293,18,1,4.047551794
1979,C,257,17,0,0
1980,B,121,8,0,0
1981,B,173,23,1,4.992868628
1982,B,274,33,1,7.723672902
1983,B,162,18,1,5.356685673
1984,C,61,2,0,0
1985,C,175,15,0,0
1986,C,102,9,1,5.106323922
1987,A,124,12,1,4.376048584
1988,B,182,13,0,0
1989,B,76,8,1,5.978598502
1990,C,189,17,0,0
1991,B,194,20,0,0
1992,B,183,20,0,0
1993,C,146,10,0,0
1994,A,54,4,0,0
1995,A,106,4,0,0
1996,A,205,18,0,0
1997,C,127,5,0,0
1998,B,118,11,0,0
1999,C,167,10,0,0
2000,C,169,12,1,3.409969505
2001,B,108,7,0,0
2002,A,82,8,0,0
2003,A,111,11,0,0
2004,C,99,4,0,0
2005,A,161,9,0,0
2006,C,282,15,0,0
2007,C,68,7,0,0
2008,B,263,27,0,0
2009,B,246,24,1,5.149865797
2010,B,172,12,0,0
2011,C,243,18,0,0
2012,B,271,33,2,14.14204094
2013,A,96,10,0,0
2014,A,216,18,0,0
2015,C,245,12,0,0
2016,C,82,3,0,0
2017,B,190,12,0,0
2018,C,133,7,0,0
2019,C,231,12,0,0
2020,A,184,12,1,3.435546013
2021,A,128,9,0,0
2022,B,264,34,1,5.960618702
2023,C,63,5,0,0
2024,C,264,23,0,0
2025,A,196,18,0,0
2026,C,177,8,0,0
2027,A,103,10,0,0
2028,B,270,24,1,4.953584764
2029,A,297,25,1,5.787745541
2030,C,197,12,0,0
2031,B,78,16,1,5.307465116
2032,A,73,4,0,0
2033,A,131,9,1,6.00648333
2034,B,112,16,0,0
2035,B,251,16,0,0
2036,A,154,14,1,6.588173928
2037,C,106,9,1,3.133513679
2038,A,185,18,0,0
2039,B,267,37,0,0
2040,A,111,15,0,0
2041,B,206,14,0,0
2042,B,251,29,0,0
2043,C,66,5,0,0
2044,B,115,13,1,5.449274718
2045,B,55,3,0,0
2046,C,107,8,0,0
2047,B,118,19,0,0
2048,C,205,19,0,0
2049,C,111,7,0,0
2050,B,218,14,0,0
2051,B,246,23,1,6.2176281
2052,A,131,13,1,7.41839122
2053,C,267,21,0,0
2054,A,261,20,0,0
2055,B,218,15,0,0
2056,A,226,17,1,5.795714448
2057,C,268,18,1,5.865365645
2058,A,226,24,0,0
2059,C,253,19,0,0
2060,B,120,10,1,5.179709406
2061,B,180,18,0,0
2062,C,59,1,0,0
2063,B,147,22,2,11.23741008
2064,B,138,12,1,6.301800757
2065,B,84,8,0,0
2066,B,257,24,0,0
2067,C,51,4,0,0
2068,A,173,15,0,0
2069,A,73,7,0,0
2070,B,123,10,0,0
2071,A,215,15,0,0
2072,A,71,3,0,0
2073,B,203,22,0,0
2074,B,220,15,0,0
2075,A,232,19,0,0
2076,C,88,9,0,0
2077,B,268,33,0,0
2078,C,206,14,0,0
2079,A,288,22,1,2.903200519
2080,B,279,21,0,0
2081,C,69,6,0,0
2082,B,268,31,4,20.69858137
2083,A,90,5,0,0
2084,C,231,15,0,0
2085,A,197,20,2,9.724517802
2086,A,157,17,2,7.052482197
2087,B,196,17,0,0
2088,C,133,10,0,0
2089,A,276,18,0,0
2090,A,160,9,2,9.559892985
2091,C,115,12,0,0
2092,A,207,20,0,0
2093,A,102,10,1,5.693751921
2094,C,83,2,0,0
2095,C,199,18,0,0
2096,C,116,8,0,0
2097,C,183,11,1,2.839275505
2098,B,256,26,0,0
2099,C,76,2,0,0
2100,B,59,7,0,0
2101,B,122,13,0,0
2102,B,274,23,0,0
2103,A,145,9,0,0
2104,B,97,7,0,0
2105,B,119,7,0,0
2106,A,282,23,1,4.886514609
2107,A,236,23,0,0
2108,A,149,5,0,0
2109,C,108,3,0,0
2110,A,51,4,0,0
2111,A,206,20,0,0
2112,B,245,22,0,0
2113,A,114,8,0,0
2114,C,132,10,0,0
2115,A,203,14,0,0
2116,C,266,11,0,0
2117,A,59,6,0,0
2118,A,102,9,0,0
2119,A,128,11,0,0
2120,A,108,10,0,0
2121,C,199,15,0,0
2122,C,228,13,0,0
2123,B,97,8,0,0
2124,C,198,10,0,0
2125,A,172,10,0,0
2126,B,297,32,1,5.969958843
2127,B,71,10,0,0
2128,B,149,22,0,0
2129,A,147,13,1,4.977402167
2130,C,207,11,0,0
2131,A,74,3,0,0
2132,B,286,33,0,0
2133,A,77,6,0,0
2134,A,242,21,0,0
2135,C,162,14,0,0
2136,C,94,8,0,0
2137,B,117,15,0,0
2138,A,56,2,0,0
2139,A,98,10,0,0
2140,C,186,17,1,2.7185751
2141,A,213,15,0,0
2142,A,132,12,0,0
2143,A,178,12,0,0
2144,C,187,19,0,0
2145,B,213,14,0,0
2146,B,122,13,0,0
2147,A,286,18,1,4.605856401
2148,B,95,11,0,0
2149,C,155,8,0,0
2150,C,209,12,0,0
2151,B,81,8,0,0
2152,B,55,9,0,0
2153,A,225,15,0,0
2154,B,215,17,0,0
2155,A,194,18,0,0
2156,A,123,10,0,0
2157,C,163,16,0,0
2158,C,76,3,0,0
2159,C,103,8,0,0
2160,C,227,13,0,0
2161,B,212,17,1,6.425541294
2162,C,293,22,0,0
2163,B,134,14,0,0
2164,C,176,15,0,0
2165,B,202,18,0,0
2166,A,205,16,2,14.12410231
2167,B,160,15,0,0
2168,B,64,12,0,0
2169,C,181,11,0,0
2170,B,142,12,1,4.908470891
2171,A,172,12,1,4.564893149
2172,A,122,10,0,0
2173,C,204,12,0,0
2174,A,203,22,0,0
2175,B,196,17,0,0
2176,A,297,30,1,4.449009609
2177,C,141,6,0,0
2178,B,66,7,0,0
2179,C,92,10,0,0
2180,B,170,13,1,5.799565373
2181,A,90,12,0,0
2182,C,219,15,0,0
2183,C,227,22,0,0
2184,B,261,28,2,10.91788919
2185,C,286,18,1,4.782006987
2186,B,217,18,0,0
2187,B,88,7,0,0
2188,B,162,11,1,5.112590637
2189,B,294,24,0,0
2190,A,200,11,0,0
2191,B,160,15,1,6.480324375
2192,C,273,23,0,0
2193,A,229,14,0,0
2194,C,96,4,0,0
2195,A,112,10,0,0
2196,B,274,23,0,0
2197,A,298,18,0,0
2198,A,159,9,0,0
2199,C,118,12,0,0
2200,C,92,9,0,0
2201,B,225,21,1,6.654023974
2202,A,83,8,0,0
2203,A,89,7,0,0
2204,A,252,22,0,0
2205,B,110,12,2,13.72989768
2206,B,227,24,0,0
2207,B,244,21,0,0
2208,B,111,6,0,0
2209,B,107,10,0,0
2210,C,210,19,0,0
2211,A,124,10,0,0
2212,A,65,7,0,0
2213,A,131,18,0,0
2214,A,143,8,0,0
2215,A,97,9,0,0
2216,A,296,26,0,0
2217,A,187,23,0,0
2218,A,131,18,0,0
2219,C,87,7,0,0
2220,A,176,12,0,0
2221,C,68,6,0,0
2222,B,213,16,0,0
2223,A,236,22,0,0
2224,B,112,16,2,11.90545924
2225,B,126,11,1,4.852693516
2226,B,297,31,0,0
2227,C,223,15,0,0
2228,B,180,17,0,0
2229,B,251,23,0,0
2230,B,151,18,0,0
2231,A,114,14,0,0
2232,A,296,31,0,0
2233,C,169,9,1,2.91112008
2234,C,140,13,0,0
2235,A,287,26,1,4.977590552
2236,C,57,3,0,0
2237,A,228,12,0,0
2238,B,287,25,0,0
2239,B,283,35,0,0
2240,C,258,19,0,0
2241,A,122,11,0,0
2242,A,183,12,0,0
2243,C,156,13,0,0
2244,A,138,5,1,4.684645822
2245,B,88,8,0,0
2246,C,162,12,1,4.279817886
2247,C,237,12,0,0
2248,A,77,8,0,0
2249,C,146,8,0,0
2250,A,231,20,0,0
2251,A,86,6,0,0
2252,A,186,16,0,0
2253,A,131,7,0,0
2254,A,105,3,0,0
2255,C,236,22,0,0
2256,B,134,11,0,0
2257,B,51,7,0,0
2258,C,238,31,0,0
2259,C,107,5,0,0
2260,B,156,13,1,5.29937363
2261,B,172,19,0,0
2262,B,237,32,0,0
2263,B,279,35,1,7.563992155
2264,B,299,30,0,0
2265,A,217,21,0,0
2266,C,213,11,0,0
2267,A,163,20,0,0
2268,B,156,23,0,0
2269,B,86,6,0,0
2270,B,128,11,1,5.389586854
2271,A,141,7,0,0
2272,A,67,4,0,0
2273,B,147,18,3,16.79962625
2274,A,112,8,0,0
2275,A,199,11,1,5.081225503
2276,B,188,17,0,0
2277,A,235,28,1,4.516826705
2278,C,234,18,0,0
2279,C,254,17,0,0
2280,C,53,2,0,0
2281,C,263,28,0,0
2282,B,184,22,1,4.898844859
2283,B,110,9,0,0
2284,B,156,10,0,0
2285,C,103,3,0,0
2286,C,137,6,0,0
2287,A,117,10,0,0
2288,A,269,28,1,6.499276584
2289,C,256,18,0,0
2290,C,178,16,0,0
2291,C,104,7,1,5.958432703
2292,C,52,5,0,0
2293,A,255,23,0,0
2294,C,215,12,1,2.006529487
2295,A,291,22,0,0
2296,C,170,13,0,0
2297,C,178,8,0,0
2298,C,151,9,0,0
2299,A,87,7,0,0
2300,A,134,20,0,0
2301,B,289,28,0,0
2302,C,206,18,0,0
2303,B,182,17,0,0
2304,B,290,33,2,12.06718927
2305,A,251,21,0,0
2306,A,141,15,0,0
2307,B,70,6,0,0
2308,C,291,21,1,4.656266242
2309,A,248,21,0,0
2310,C,244,16,0,0
2311,C,158,8,0,0
2312,B,96,6,0,0
2313,B,133,6,1,5.042918923
2314,B,132,17,0,0
2315,B,84,6,0,0
2316,A,245,16,1,4.896080489
2317,A,118,11,0,0
2318,B,178,16,0,0
2319,A,245,20,0,0
2320,B,189,15,1,5.153766338
2321,C,237,24,0,0
2322,C,76,8,0,0
2323,C,105,10,0,0
2324,B,283,27,0,0
2325,C,72,7,0,0
2326,A,202,12,0,0
2327,C,70,1,0,0
2328,C,110,3,0,0
2329,C,112,8,0,0
2330,A,171,13,0,0
2331,B,101,10,1,6.862110395
2332,A,137,4,0,0
2333,B,202,19,0,0
2334,B,286,31,0,0
2335,C,104,7,0,0
2336,B,95,11,0,0
2337,A,81,5,0,0
2338,A,104,11,0,0
2339,B,145,15,0,0
2340,C,182,10,1,5.39890321
2341,C,85,4,0,0
2342,A,159,14,0,0
2343,C,283,24,0,0
2344,B,226,22,2,12.09406873
2345,B,155,13,0,0
2346,A,107,12,0,0
2347,B,88,10,0,0
2348,A,129,10,0,0
2349,B,146,14,0,0
2350,A,162,10,0,0
2351,C,262,20,0,0
2352,B,110,10,0,0
2353,B,186,30,0,0
2354,A,55,4,0,0
2355,A,292,23,1,4.168074176
2356,B,158,16,1,5.325185756
2357,A,84,10,0,0
2358,B,88,11,0,0
2359,C,199,13,0,0
2360,A,218,20,0,0
2361,B,167,17,1,5.241502346
2362,C,54,4,1,4.367406445
2363,C,219,12,0,0
2364,B,136,13,0,0
2365,A,258,18,0,0
2366,B,125,17,0,0
2367,C,264,17,0,0
2368,B,257,34,0,0
2369,A,244,20,2,12.35031565
2370,C,207,16,0,0
2371,B,106,11,1,8.196089559
2372,A,176,10,0,0
2373,C,263,17,0,0
2374,A,250,15,0,0
2375,C,78,6,0,0
2376,B,288,28,1,5.745100385
2377,A,214,20,0,0
2378,C,136,7,0,0
2379,A,190,12,2,12.75377177
2380,A,209,16,1,5.76280869
2381,B,95,14,1,5.367531584
2382,A,165,15,1,4.008227354
2383,C,288,19,0,0
2384,C,161,11,0,0
2385,C,200,9,0,0
2386,C,94,12,0,0
2387,B,194,21,1,5.928660001
2388,A,296,21,0,0
2389,B,153,16,0,0
2390,A,134,7,0,0
2391,A,243,27,0,0
2392,A,278,18,0,0
2393,B,183,20,1,5.639193506
2394,A,157,10,0,0
2395,B,67,8,0,0
2396,C,143,12,0,0
2397,C,199,15,0,0
2398,A,295,25,0,0
2399,B,82,12,2,9.654610221
2400,C,207,9,0,0
2401,B,258,24,0,0
2402,B,175,15,0,0
2403,A,284,34,1,4.809922753
2404,C,209,13,0,0
2405,A,219,20,0,0
2406,A,292,25,0,0
2407,C,255,15,1,2.699225541
2408,C,171,10,0,0
2409,B,187,16,0,0
2410,C,288,19,0,0
2411,B,164,14,0,0
2412,B,213,13,1,5.775790728
2413,B,211,26,2,10.66675289
2414,C,250,25,0,0
2415,A,283,21,1,6.642272281
2416,B,77,6,0,0
2417,A,60,1,0,0
2418,A,255,22,0,0
2419,C,216,19,0,0
2420,A,296,19,0,0
2421,A,96,5,0,0
2422,C,295,24,0,0
2423,B,176,19,0,0
2424,A,196,10,0,0
2425,C,167,13,0,0
2426,A,192,13,0,0
2427,A,175,13,1,4.175940881
2428,B,205,24,1,7.014586253
2429,A,201,19,1,5.781724188
2430,C,121,8,0,0
2431,A,156,18,0,0
2432,B,186,18,0,0
2433,B,224,26,0,0
2434,C,82,6,0,0
2435,B,239,30,1,6.108012122
2436,A,274,28,1,3.529529306
2437,B,68,4,0,0
2438,C,244,23,0,0
2439,B,123,15,0,0
2440,B,217,25,0,0
2441,B,224,19,0,0
2442,C,283,23,0,0
2443,B,242,29,0,0
2444,B,206,18,0,0
2445,A,227,25,0,0
2446,C,147,5,0,0
2447,B,292,24,1,4.946835851
2448,C,190,13,0,0
2449,B,295,30,0,0
2450,B,178,19,1,4.869955831
2451,B,211,12,0,0
2452,A,142,17,0,0
2453,A,225,11,0,0
2454,A,288,18,0,0
2455,C,254,9,0,0
2456,C,97,7,0,0
2457,A,226,24,2,9.591000682
2458,C,294,22,1,5.913060844
2459,B,113,14,0,0
2460,B,110,5,0,0
2461,B,206,21,0,0
2462,A,88,7,0,0
2463,C,177,12,0,0
2464,A,137,7,0,0
2465,C,75,6,0,0
2466,B,66,6,0,0
2467,A,120,12,2,10.18347975
2468,C,62,4,0,0
2469,C,118,5,1,4.775663198
2470,B,75,8,1,6.566138309
2471,A,98,5,0,0
2472,A,244,24,1,6.234169859
2473,A,56,5,0,0
2474,B,107,8,0,0
2475,A,98,13,0,0
2476,B,152,15,0,0
2477,B,102,6,0,0
2478,B,242,26,0,0
2479,C,290,17,0,0
2480,A,111,11,0,0
2481,A,66,7,0,0
2482,B,220,31,0,0
2483,B,74,7,0,0
2484,A,180,14,0,0
2485,B,256,29,0,0
2486,A,78,4,0,0
2487,C,166,12,0,0
2488,B,284,29,0,0
2489,A,209,12,0,0
2490,B,75,7,0,0
2491,A,173,18,1,4.709496581
2492,A,193,19,0,0
2493,B,74,4,0,0
2494,C,103,4,0,0
2495,A,205,14,0,0
2496,A,122,13,0,0
2497,A,169,10,0,0
2498,C,105,9,2,11.14570298
2499,C,114,5,0,0
2500,B,142,15,0,0
2501,C,298,19,0,0
2502,B,135,16,0,0
2503,B,129,10,1,4.767439438
2504,C,218,16,0,0
2505,B,292,25,1,7.375459678
2506,C,157,13,0,0
2507,B,228,28,2,16.30220544
2508,C,167,8,0,0
2509,C,282,25,0,0
2510,B,248,26,0,0
2511,A,255,16,0,0
2512,B,206,20,2,10.23936765
2513,C,132,6,0,0
2514,A,196,18,0,0
2515,B,243,28,0,0
2516,B,218,16,0,0
2517,B,222,22,0,0
2518,A,64,7,1,4.688575651
2519,C,180,18,0,0
2520,B,188,19,1,6.077969099
2521,B,230,31,1,8.00519634
2522,B,223,23,0,0
2523,B,79,7,0,0
2524,B,106,14,0,0
2525,C,281,19,1,4.468864462
2526,C,195,13,1,4.834198943
2527,B,228,23,0,0
2528,A,177,18,0,0
2529,C,97,9,0,0
2530,A,243,18,1,4.453673736
2531,C,273,17,1,4.397458228
2532,B,185,18,1,6.540777519
2533,C,71,5,0,0
2534,B,55,4,0,0
2535,C,253,21,0,0
2536,B,288,28,0,0
2537,B,234,21,0,0
2538,B,153,11,0,0
2539,B,85,6,0,0
2540,A,128,15,1,5.658067576
2541,B,269,24,1,5.785379335
2542,A,165,10,0,0
2543,A,106,8,0,0
2544,B,98,8,0,0
2545,A,222,11,0,0
2546,C,131,8,0,0
2547,B,115,12,1,6.124773488
2548,A,126,10,0,0
2549,B,94,8,0,0
2550,B,295,29,0,0
2551,B,128,19,0,0
2552,A,69,5,0,0
2553,C,241,14,0,0
2554,C,270,16,0,0
2555,A,172,13,0,0
2556,B,283,32,0,0
2557,A,270,18,2,11.21720433
2558,A,116,11,0,0
2559,A,132,5,0,0
2560,B,52,5,0,0
2561,A,231,22,0,0
2562,B,255,23,0,0
2563,A,113,9,0,0
2564,C,89,4,0,0
2565,A,108,10,1,3.305845338
2566,A,232,12,0,0
2567,C,111,11,0,0
2568,B,181,15,1,6.234065991
2569,B,109,15,0,0
2570,A,165,12,0,0
2571,C,124,10,0,0
2572,B,171,15,0,0
2573,A,272,28,1,3.582233807
2574,C,156,7,0,0
2575,B,145,11,0,0
2576,B,140,14,0,0
2577,C,207,10,0,0
2578,C,284,16,0,0
2579,C,179,18,0,0
2580,C,111,13,1,4.593368861
2581,A,98,7,0,0
2582,C,186,18,0,0
2583,B,141,14,0,0
2584,B,208,18,0,0
2585,A,173,16,0,0
2586,B,275,29,1,5.413587923
2587,B,110,19,2,10.8418768
2588,C,297,18,1,6.7578563
2589,B,256,28,2,10.6835714
2590,A,97,4,0,0
2591,C,202,10,0,0
2592,C,213,6,0,0
2593,A,185,28,2,11.06486746
2594,C,250,21,0,0
2595,C,299,24,2,7.678536988
2596,A,107,8,0,0
2597,C,150,9,0,0
2598,A,161,9,0,0
2599,A,222,15,1,6.242409308
2600,B,111,10,0,0
2601,B,88,11,0,0
2602,C,273,19,0,0
2603,C,107,4,0,0
2604,A,293,14,1,3.945619805
2605,C,258,13,0,0
2606,A,148,11,0,0
2607,A,278,29,0,0
2608,C,260,20,0,0
2609,A,241,23,0,0
2610,B,93,9,0,0
2611,C,78,5,0,0
2612,B,108,7,1,5.969903293
2613,C,120,12,0,0
2614,A,141,14,0,0
2615,C,58,2,0,0
2616,B,176,18,0,0
2617,A,269,21,0,0
2618,C,183,14,0,0
2619,C,206,21,0,0
2620,C,235,17,0,0
2621,B,194,20,0,0
2622,B,193,13,0,0
2623,C,264,12,0,0
2624,A,272,18,0,0
2625,A,180,8,0,0
2626,B,70,9,1,7.880761146
2627,A,113,11,0,0
2628,B,139,10,0,0
2629,C,85,8,0,0
2630,B,283,23,2,13.93840644
2631,B,278,25,1,3.556854695
2632,C,294,18,1,4.496137721
2633,A,263,19,0,0
2634,B,111,9,1,6.145818098
2635,B,219,22,1,7.092627565
2636,C,125,8,0,0
2637,A,219,27,0,0
2638,B,238,17,0,0
2639,C,62,2,0,0
2640,B,60,2,0,0
2641,C,103,8,0,0
2642,A,65,2,0,0
2643,A,57,7,0,0
2644,A,153,12,0,0
2645,A,108,9,0,0
2646,B,106,11,0,0
2647,B,89,6,0,0
2648,A,286,19,0,0
2649,A,236,17,0,0
2650,A,179,15,0,0
2651,B,143,11,0,0
2652,A,271,16,0,0
2653,A,253,29,1,4.00134931
2654,A,187,8,0,0
2655,C,93,9,0,0
2656,A,188,18,1,5.890418585
2657,C,256,16,0,0
2658,C,129,6,1,2.564227669
2659,A,130,7,0,0
2660,C,267,21,1,4.248085067
2661,A,51,5,0,0
2662,B,227,26,2,10.32595981
2663,B,189,25,1,6.348258222
2664,B,164,18,1,7.05045828
2665,B,139,10,0,0
2666,C,72,3,0,0
2667,A,195,19,2,9.393771357
2668,A,111,7,0,0
2669,A,273,15,0,0
2670,B,162,18,2,9.004902078
2671,B,177,17,0,0
2672,A,111,13,0,0
2673,B,87,10,0,0
2674,A,298,18,1,3.39420914
2675,A,288,31,0,0
2676,A,244,17,0,0
2677,A,215,15,0,0
2678,A,244,18,1,5.583372231
2679,A,271,15,0,0
2680,A,110,9,1,5.025627672
2681,B,178,13,1,5.771677916
2682,A,271,20,0,0
2683,A,222,16,0,0
2684,B,273,31,0,0
2685,B,205,24,0,0
2686,B,198,15,0,0
2687,A,171,12,1,4.739792499
2688,C,159,10,0,0
2689,C,62,2,0,0
2690,B,204,24,0,0
2691,C,149,12,0,0
2692,B,184,15,0,0
2693,A,71,5,0,0
2694,C,123,5,0,0
2695,A,280,24,2,12.67478799
2696,C,230,12,0,0
2697,A,256,31,2,12.00366242
2698,C,256,21,0,0
2699,A,181,13,0,0
2700,A,273,23,0,0
2701,C,72,8,0,0
2702,A,168,14,1,5.353219182
2703,A,119,7,0,0
2704,A,265,20,1,6.936277113
2705,C,133,12,0,0
2706,C,299,22,0,0
2707,A,150,13,0,0
2708,A,133,14,0,0
2709,C,253,23,0,0
2710,C,210,20,0,0
2711,A,77,3,0,0
2712,A,185,15,0,0
2713,A,50,5,0,0
2714,B,214,24,0,0
2715,C,112,8,1,4.227845622
2716,B,71,5,0,0
2717,C,119,11,0,0
2718,C,174,14,0,0
2719,C,198,9,0,0
2720,C,145,10,0,0
2721,C,212,11,0,0
2722,C,128,8,0,0
2723,C,54,0,0,0
2724,B,109,10,0,0
2725,A,169,14,0,0
2726,A,95,8,0,0
2727,B,227,24,0,0
2728,B,225,27,1,6.092511309
2729,B,183,15,0,0
2730,B,266,21,0,0
2731,C,105,10,0,0
2732,A,159,9,0,0
2733,C,236,25,0,0
2734,A,297,28,1,4.380248343
2735,A,281,22,0,0
2736,B,206,30,0,0
2737,C,248,12,0,0
2738,B,153,13,0,0
2739,C,126,10,0,0
2740,A,279,20,0,0
2741,B,195,26,1,5.073075914
2742,B,51,2,0,0
2743,A,57,5,0,0
2744,A,124,10,0,0
2745,A,274,24,0,0
2746,B,231,20,0,0
2747,C,174,11,0,0
2748,B,87,12,0,0
2749,C,225,12,0,0
2750,B,76,10,0,0
2751,B,69,7,1,5.962100338
2752,A,189,18,1,5.074185612
2753,C,92,8,0,0
2754,B,238,20,1,4.715714182
2755,B,80,8,0,0
2756,A,140,15,0,0
2757,A,273,21,1,3.740628725
2758,C,110,13,0,0
2759,B,251,24,0,0
2760,C,244,13,0,0
2761,B,158,15,0,0
2762,C,140,15,0,0
2763,A,212,15,0,0
2764,B,144,18,2,11.628939
2765,C,192,18,1,3.541103839
2766,A,193,14,1,4.36344279
2767,A,62,2,0,0
2768,C,162,13,1,5.455392996
2769,B,84,7,0,0
2770,B,293,33,0,0
2771,A,252,19,0,0
2772,B,236,23,1,5.398989879
2773,B,198,23,0,0
2774,B,292,28,1,6.055912075
2775,A,231,18,0,0
2776,C,252,16,0,0
2777,B,207,19,1,3.943113737
2778,A,97,8,0,0
2779,A,294,28,0,0
2780,C,84,5,0,0
2781,B,135,14,0,0
2782,B,215,23,1,4.868739007
2783,C,208,12,0,0
2784,C,255,15,0,0
2785,A,201,22,0,0
2786,A,163,15,1,5.56068066
2787,C,226,16,0,0
2788,B,273,29,1,4.926323504
2789,A,149,6,0,0
2790,A,209,18,0,0
2791,B,232,23,1,7.767757358
2792,A,256,21,0,0
2793,B,284,26,0,0
2794,B,235,17,0,0
2795,B,148,12,1,6.08581632
2796,C,52,7,0,0
2797,C,257,17,0,0
2798,C,246,17,0,0
2799,B,134,8,0,0
2800,B,174,11,0,0
2801,C,187,15,0,0
2802,A,132,11,0,0
2803,B,74,7,0,0
2804,A,117,7,0,0
2805,A,110,11,0,0
2806,B,78,5,0,0
2807,B,176,14,2,11.41095582
2808,A,68,5,0,0
2809,A,220,15,0,0
2810,C,243,14,0,0
2811,C,123,10,0,0
2812,B,110,12,1,4.677595519
2813,C,220,19,1,4.818506399
2814,C,202,13,0,0
2815,C,69,2,1,2.497857447
2816,C,97,5,0,0
2817,A,260,30,1,4.554942656
2818,B,136,14,0,0
2819,C,201,16,1,5.390382096
2820,A,188,7,0,0
2821,A,159,13,0,0
2822,A,275,14,1,4.325654173
2823,C,232,17,0,0
2824,C,77,9,0,0
2825,B,246,34,1,6.018280086
2826,C,240,17,1,3.130772887
2827,C,108,7,0,0
2828,A,182,21,1,5.580518546
2829,B,100,11,0,0
2830,C,198,9,0,0
2831,C,61,4,0,0
2832,A,99,6,0,0
2833,A,181,14,0,0
2834,C,295,20,0,0
2835,B,162,17,0,0
2836,B,219,20,0,0
2837,A,261,17,1,5.018490059
2838,A,215,17,1,6.312688178
2839,C,202,18,0,0
2840,A,63,6,0,0
2841,C,252,16,0,0
2842,B,81,12,0,0
2843,B,188,24,1,6.42663069
2844,C,238,13,0,0
2845,A,195,9,0,0
2846,B,204,23,1,5.541100912
2847,A,104,11,0,0
2848,B,231,32,2,11.22569789
2849,C,259,23,0,0
2850,C,169,13,0,0
2851,C,264,19,0,0
2852,B,124,6,0,0
2853,A,70,4,0,0
2854,A,221,17,0,0
2855,A,182,16,1,4.521101668
2856,B,136,14,1,4.555077496
2857,B,218,25,0,0
2858,B,108,9,0,0
2859,B,138,14,0,0
2860,B,282,22,2,11.48660994
2861,A,231,17,3,18.16467724
2862,B,251,28,0,0
2863,B,199,22,1,4.823334843
2864,A,132,18,0,0
2865,B,114,9,0,0
2866,A,113,9,0,0
2867,A,120,8,0,0
2868,C,53,3,0,0
2869,C,242,21,0,0
2870,C,192,15,0,0
2871,C,153,15,0,0
2872,B,253,21,0,0
2873,C,199,18,0,0
2874,A,263,14,0,0
2875,B,291,35,0,0
2876,C,224,14,0,0
2877,A,258,18,0,0
2878,B,142,14,0,0
2879,B,223,29,1,7.181000531
2880,C,191,8,0,0
2881,B,227,21,1,6.615118856
2882,A,197,20,1,6.643271328
2883,B,227,21,0,0
2884,A,161,10,0,0
2885,B,210,20,0,0
2886,C,168,11,0,0
2887,A,108,13,0,0
2888,B,92,11,0,0
2889,B,256,26,0,0
2890,B,61,12,1,4.062025453
2891,A,89,7,0,0
2892,A,167,8,0,0
2893,A,69,4,0,0
2894,C,271,18,1,5.035595397
2895,C,215,11,0,0
2896,A,180,21,0,0
2897,B,205,24,1,6.33254159
2898,C,233,14,0,0
2899,A,139,12,1,3.394545301
2900,B,143,16,1,5.264725281
2901,C,62,8,0,0
2902,B,254,31,1,4.430326875
2903,B,115,11,0,0
2904,B,86,11,0,0
2905,B,226,23,0,0
2906,C,279,20,0,0
2907,C,115,5,0,0
2908,C,85,3,0,0
2909,A,231,19,1,5.186833473
2910,C,75,4,0,0
2911,B,124,6,0,0
2912,C,249,20,0,0
2913,B,157,9,0,0
2914,A,217,18,0,0
2915,B,92,9,0,0
2916,B,199,28,3,18.38090724
2917,B,197,19,1,4.65649927
2918,A,57,2,0,0
2919,C,78,6,0,0
2920,C,89,9,0,0
2921,A,267,34,1,4.94022289
2922,B,207,20,0,0
2923,C,258,16,0,0
2924,A,177,19,1,4.94717826
2925,C,133,7,0,0
2926,A,165,14,0,0
2927,B,232,22,1,6.82850308
2928,C,193,8,0,0
2929,A,223,16,0,0
2930,C,111,6,0,0
2931,C,284,22,0,0
2932,C,56,7,0,0
2933,C,257,15,0,0
2934,A,94,10,0,0
2935,B,236,16,2,12.20648332
2936,A,288,23,2,6.060206413
2937,A,233,13,1,4.757197713
2938,A,225,24,0,0
2939,B,204,23,0,0
2940,C,230,18,0,0
2941,C,264,22,0,0
2942,C,137,11,1,2.913904808
2943,B,122,19,0,0
2944,C,212,17,1,4.051040184
2945,B,228,29,1,5.916921559
2946,C,261,18,2,8.604810863
2947,C,86,3,0,0
2948,A,283,23,0,0
2949,B,258,20,0,0
2950,A,288,24,0,0
2951,A,272,21,0,0
2952,A,168,14,0,0
2953,B,106,4,0,0
2954,B,57,4,0,0
2955,C,256,18,0,0
2956,A,144,17,0,0
2957,C,166,11,0,0
2958,A,271,21,0,0
2959,B,159,18,0,0
2960,B,69,7,0,0
2961,B,173,15,0,0
2962,A,280,21,0,0
2963,B,102,8,0,0
2964,A,168,20,0,0
2965,C,61,2,0,0
2966,A,226,17,0,0
2967,C,66,1,0,0
2968,A,113,7,1,4.921662109
2969,C,91,8,0,0
2970,B,143,11,0,0
2971,C,206,9,0,0
2972,B,196,19,0,0
2973,B,287,18,2,12.16574891
2974,C,60,2,0,0
2975,A,147,15,0,0
2976,A,227,21,0,0
2977,A,120,14,0,0
2978,A,157,16,0,0
2979,A,107,10,0,0
2980,B,83,4,0,0
2981,A,69,7,0,0
2982,B,99,13,0,0
2983,B,151,18,1,6.465343994
2984,B,265,26,1,4.845644105
2985,C,187,10,0,0
2986,C,209,18,0,0
2987,B,101,12,0,0
2988,C,64,9,0,0
2989,A,278,18,0,0
2990,A,133,8,0,0
2991,B,180,15,0,0
2992,A,86,9,1,6.428234214
2993,B,175,14,0,0
2994,B,298,22,0,0
2995,A,89,16,0,0
2996,C,121,3,0,0
2997,A,89,10,0,0
2998,A,285,21,2,10.26571737
2999,B,105,14,1,5.193229548
3000,B,200,20,0,0