user_id,campaign,click_time,landing_page,signup,product_view,add_to_cart,purchase
user_1,Google Ads,2025-05-10 16:14:00,1,1,1,0,0
user_2,TikTok,2025-04-15 05:31:00,1,1,1,1,1
user_3,TikTok,2025-04-01 22:21:00,1,0,0,0,0
user_4,Google Ads,2025-05-01 23:43:00,1,1,1,0,0
user_5,Instagram,2025-06-02 17:27:00,1,1,1,0,0
user_6,Instagram,2025-04-01 05:38:00,0,0,0,0,0
user_7,Instagram,2025-05-20 14:31:00,1,1,1,1,0
user_8,TikTok,2025-04-09 12:14:00,1,0,0,0,0
user_9,Google Ads,2025-05-07 00:20:00,1,0,0,0,0
user_10,TikTok,2025-04-08 21:04:00,1,1,1,1,1
user_11,Instagram,2025-04-02 05:10:00,1,1,1,1,0
user_12,TikTok,2025-05-09 00:36:00,1,1,1,1,1
user_13,TikTok,2025-05-18 04:37:00,1,0,0,0,0
user_14,Instagram,2025-05-11 07:33:00,1,1,1,1,0
user_15,Instagram,2025-05-20 04:55:00,1,1,1,1,0
user_16,Instagram,2025-04-12 00:56:00,1,0,0,0,0
user_17,Google Ads,2025-05-09 17:21:00,1,0,0,0,0
user_18,Google Ads,2025-05-14 10:32:00,1,1,1,1,0
user_19,Google Ads,2025-05-24 18:54:00,1,1,1,0,0
user_20,Instagram,2025-06-02 22:00:00,1,1,1,1,0
user_21,Google Ads,2025-04-20 09:35:00,1,1,1,1,1
user_22,Instagram,2025-04-27 03:21:00,1,1,1,1,0
user_23,Instagram,2025-04-21 15:11:00,1,0,0,0,0
user_24,Google Ads,2025-05-19 20:22:00,1,1,1,1,1
user_25,Google Ads,2025-04-09 11:02:00,0,0,0,0,0
user_26,TikTok,2025-05-31 23:53:00,0,0,0,0,0
user_27,Instagram,2025-05-10 01:56:00,1,1,1,0,0
user_28,Google Ads,2025-04-14 13:41:00,1,1,1,0,0
user_29,Google Ads,2025-06-05 14:17:00,1,1,1,1,0
user_30,Instagram,2025-05-28 03:50:00,1,1,1,1,1
user_31,Google Ads,2025-05-02 02:53:00,1,1,1,0,0
user_32,Instagram,2025-04-26 19:58:00,1,1,1,1,1
user_33,Instagram,2025-04-07 03:00:00,1,1,1,1,0
user_34,TikTok,2025-04-17 17:10:00,1,1,1,1,1
user_35,TikTok,2025-05-19 10:48:00,1,0,0,0,0
user_36,TikTok,2025-04-08 17:22:00,1,0,0,0,0
user_37,Google Ads,2025-05-26 22:39:00,1,1,0,0,0
user_38,Instagram,2025-05-22 01:43:00,1,1,1,1,0
user_39,Google Ads,2025-05-28 22:41:00,1,0,0,0,0
user_40,Google Ads,2025-04-30 00:26:00,1,1,1,0,0
user_41,Instagram,2025-06-05 22:14:00,0,0,0,0,0
user_42,Google Ads,2025-06-09 07:24:00,1,0,0,0,0
user_43,Instagram,2025-04-05 16:17:00,1,1,1,1,1
user_44,TikTok,2025-04-26 01:02:00,0,0,0,0,0
user_45,Instagram,2025-05-08 15:57:00,1,1,1,1,1
user_46,Google Ads,2025-05-06 19:31:00,0,0,0,0,0
user_47,Google Ads,2025-04-18 17:10:00,1,1,1,1,1
user_48,Google Ads,2025-04-14 11:46:00,1,1,1,1,1
user_49,Google Ads,2025-04-26 21:05:00,1,1,1,1,1
user_50,Instagram,2025-04-13 09:30:00,1,0,0,0,0
user_51,TikTok,2025-05-16 22:30:00,1,1,1,1,0
user_52,TikTok,2025-05-31 15:12:00,1,1,1,0,0
user_53,TikTok,2025-06-02 05:33:00,1,1,1,1,0
user_54,TikTok,2025-05-23 00:30:00,1,1,1,1,1
user_55,Google Ads,2025-05-07 08:55:00,0,0,0,0,0
user_56,TikTok,2025-04-25 14:35:00,1,0,0,0,0
user_57,Instagram,2025-06-06 23:23:00,1,1,0,0,0
user_58,Instagram,2025-05-10 16:12:00,1,1,1,0,0
user_59,Instagram,2025-05-25 19:45:00,1,1,1,1,1
user_60,Google Ads,2025-05-27 23:30:00,1,1,1,0,0
user_61,Google Ads,2025-06-06 06:02:00,1,1,1,1,1
user_62,Instagram,2025-04-03 01:43:00,1,1,1,1,1
user_63,TikTok,2025-06-07 12:41:00,1,0,0,0,0
user_64,Google Ads,2025-04-15 08:22:00,1,1,1,1,1
user_65,Instagram,2025-04-17 07:50:00,1,1,1,1,1
user_66,Google Ads,2025-05-25 07:07:00,1,1,1,1,1
user_67,Instagram,2025-04-29 11:18:00,1,1,1,1,1
user_68,TikTok,2025-05-10 11:26:00,1,1,1,1,1
user_69,Instagram,2025-06-05 07:51:00,1,0,0,0,0
user_70,TikTok,2025-04-05 14:40:00,1,1,0,0,0
user_71,TikTok,2025-05-01 22:27:00,1,1,1,1,0
user_72,Instagram,2025-05-08 22:20:00,1,1,1,0,0
user_73,Instagram,2025-04-11 15:17:00,0,0,0,0,0
user_74,TikTok,2025-04-06 06:04:00,1,1,1,1,0
user_75,TikTok,2025-04-19 23:45:00,1,1,0,0,0
user_76,TikTok,2025-06-05 10:23:00,0,0,0,0,0
user_77,TikTok,2025-05-26 01:13:00,1,1,1,0,0
user_78,Instagram,2025-05-22 23:39:00,1,0,0,0,0
user_79,Google Ads,2025-05-27 02:05:00,1,1,1,1,1
user_80,Instagram,2025-05-22 09:58:00,1,1,1,1,0
user_81,TikTok,2025-05-07 09:13:00,1,0,0,0,0
user_82,Google Ads,2025-05-16 21:21:00,0,0,0,0,0
user_83,Google Ads,2025-04-21 10:30:00,1,0,0,0,0
user_84,Instagram,2025-05-23 10:52:00,1,1,1,0,0
user_85,Google Ads,2025-04-20 07:08:00,1,1,1,1,1
user_86,Google Ads,2025-06-06 07:45:00,1,1,1,1,1
user_87,TikTok,2025-05-04 17:03:00,1,0,0,0,0
user_88,Google Ads,2025-04-10 15:59:00,1,1,1,1,1
user_89,TikTok,2025-05-19 03:46:00,1,1,1,0,0
user_90,Google Ads,2025-06-06 18:02:00,1,1,1,1,1
user_91,Instagram,2025-04-28 18:14:00,1,1,1,1,1
user_92,TikTok,2025-04-12 08:51:00,0,0,0,0,0
user_93,TikTok,2025-05-02 07:24:00,1,1,0,0,0
user_94,Google Ads,2025-04-21 13:49:00,1,1,1,1,1
user_95,TikTok,2025-05-06 13:04:00,1,1,1,0,0
user_96,Google Ads,2025-05-13 23:56:00,1,1,1,1,1
user_97,Google Ads,2025-05-22 08:52:00,1,1,1,0,0
user_98,Google Ads,2025-05-14 04:27:00,1,1,1,1,1
user_99,Instagram,2025-04-10 00:24:00,1,1,1,1,1
user_100,Instagram,2025-04-23 22:39:00,1,0,0,0,0
user_101,Instagram,2025-05-30 07:51:00,1,0,0,0,0
user_102,Google Ads,2025-05-29 02:51:00,1,0,0,0,0
user_103,Google Ads,2025-05-11 16:46:00,1,1,1,1,1
user_104,Google Ads,2025-04-08 08:56:00,1,1,0,0,0
user_105,TikTok,2025-05-05 18:32:00,1,0,0,0,0
user_106,Instagram,2025-04-18 01:34:00,1,1,1,1,1
user_107,Google Ads,2025-04-03 09:10:00,1,1,1,1,1
user_108,TikTok,2025-04-09 19:16:00,1,1,0,0,0
user_109,Instagram,2025-04-08 12:16:00,1,1,1,1,1
user_110,Instagram,2025-04-23 17:33:00,0,0,0,0,0
user_111,Instagram,2025-05-30 12:00:00,1,1,1,1,1
user_112,Instagram,2025-04-02 10:10:00,1,0,0,0,0
user_113,TikTok,2025-04-24 13:33:00,1,1,1,1,1
user_114,TikTok,2025-04-18 07:51:00,1,1,1,1,1
user_115,Google Ads,2025-04-23 12:13:00,1,1,1,1,1
user_116,TikTok,2025-04-25 04:01:00,1,1,1,1,1
user_117,TikTok,2025-05-09 14:59:00,1,1,1,1,1
user_118,Instagram,2025-04-23 20:33:00,0,0,0,0,0
user_119,TikTok,2025-04-29 04:40:00,1,0,0,0,0
user_120,Google Ads,2025-05-11 02:55:00,1,0,0,0,0
user_121,TikTok,2025-06-03 01:36:00,1,1,1,1,1
user_122,TikTok,2025-06-02 13:33:00,1,1,1,1,1
user_123,Google Ads,2025-04-25 14:00:00,1,0,0,0,0
user_124,Instagram,2025-04-04 02:54:00,0,0,0,0,0
user_125,Instagram,2025-05-27 00:48:00,0,0,0,0,0
user_126,Google Ads,2025-06-02 02:31:00,1,1,1,0,0
user_127,TikTok,2025-05-22 20:51:00,0,0,0,0,0
user_128,TikTok,2025-06-07 15:39:00,0,0,0,0,0
user_129,Instagram,2025-04-30 20:41:00,0,0,0,0,0
user_130,Google Ads,2025-05-17 18:44:00,1,1,1,1,1
user_131,Google Ads,2025-05-02 06:28:00,1,1,1,1,1
user_132,Instagram,2025-06-07 19:39:00,1,1,1,0,0
user_133,Instagram,2025-04-27 02:13:00,1,1,1,0,0
user_134,Google Ads,2025-04-01 13:26:00,1,1,1,1,0
user_135,TikTok,2025-05-10 07:58:00,1,0,0,0,0
user_136,Google Ads,2025-04-21 15:57:00,1,1,1,1,1
user_137,Google Ads,2025-04-25 01:16:00,1,1,0,0,0
user_138,TikTok,2025-05-26 14:57:00,1,1,1,1,1
user_139,Google Ads,2025-05-04 12:40:00,0,0,0,0,0
user_140,TikTok,2025-04-17 20:22:00,1,1,1,0,0
user_141,TikTok,2025-05-26 20:35:00,1,1,1,1,1
user_142,Instagram,2025-05-14 04:51:00,1,1,1,0,0
user_143,Google Ads,2025-05-09 02:02:00,0,0,0,0,0
user_144,Google Ads,2025-05-10 13:39:00,0,0,0,0,0
user_145,Instagram,2025-05-27 13:50:00,1,1,1,1,1
user_146,Instagram,2025-04-27 12:37:00,1,1,1,0,0
user_147,Google Ads,2025-04-30 01:24:00,1,0,0,0,0
user_148,Google Ads,2025-05-15 23:14:00,1,1,1,0,0
user_149,Instagram,2025-04-24 17:17:00,1,1,0,0,0
user_150,Instagram,2025-05-24 13:29:00,1,0,0,0,0
user_151,TikTok,2025-04-28 19:22:00,1,1,0,0,0
user_152,Instagram,2025-05-13 19:45:00,1,1,1,0,0
user_153,Instagram,2025-05-28 12:56:00,1,1,1,1,1
user_154,Google Ads,2025-04-20 00:16:00,1,1,1,0,0
user_155,TikTok,2025-05-09 13:54:00,1,1,1,1,1
user_156,Instagram,2025-04-10 20:39:00,0,0,0,0,0
user_157,Google Ads,2025-05-27 12:52:00,1,1,0,0,0
user_158,TikTok,2025-05-06 09:08:00,1,1,1,1,0
user_159,Instagram,2025-05-22 05:41:00,1,0,0,0,0
user_160,TikTok,2025-05-21 12:30:00,1,1,1,1,1
user_161,Google Ads,2025-05-17 00:22:00,1,1,0,0,0
user_162,Google Ads,2025-05-03 08:40:00,1,1,1,1,1
user_163,Google Ads,2025-05-24 09:38:00,1,1,0,0,0
user_164,Google Ads,2025-05-14 09:23:00,1,1,1,1,0
user_165,Instagram,2025-04-13 16:57:00,1,0,0,0,0
user_166,TikTok,2025-04-22 03:28:00,1,1,1,0,0
user_167,Google Ads,2025-04-19 04:12:00,1,1,1,1,0
user_168,Instagram,2025-04-30 18:34:00,1,1,1,0,0
user_169,Instagram,2025-04-06 07:37:00,1,0,0,0,0
user_170,Google Ads,2025-05-29 14:26:00,1,0,0,0,0
user_171,Google Ads,2025-04-18 15:45:00,1,1,1,0,0
user_172,Instagram,2025-04-19 12:45:00,1,1,1,1,1
user_173,Google Ads,2025-04-18 01:38:00,1,1,1,1,1
user_174,Instagram,2025-04-21 00:31:00,1,1,0,0,0
user_175,Google Ads,2025-04-06 11:46:00,1,1,1,1,0
user_176,Instagram,2025-05-13 15:33:00,1,1,1,1,1
user_177,Google Ads,2025-05-08 12:28:00,1,1,1,1,1
user_178,Google Ads,2025-04-06 01:27:00,1,1,1,0,0
user_179,TikTok,2025-04-24 09:00:00,1,0,0,0,0
user_180,Instagram,2025-05-23 14:38:00,1,1,1,0,0
user_181,Google Ads,2025-05-13 00:24:00,1,0,0,0,0
user_182,Instagram,2025-05-12 11:20:00,1,1,1,0,0
user_183,TikTok,2025-04-25 02:21:00,1,1,0,0,0
user_184,TikTok,2025-05-28 20:20:00,1,0,0,0,0
user_185,Instagram,2025-04-13 06:34:00,1,1,0,0,0
user_186,Google Ads,2025-05-29 00:40:00,1,1,1,0,0
user_187,TikTok,2025-04-17 13:54:00,1,1,1,1,1
user_188,Google Ads,2025-05-01 07:22:00,1,1,1,1,1
user_189,Google Ads,2025-06-07 22:20:00,1,0,0,0,0
user_190,Instagram,2025-05-16 06:00:00,1,1,1,0,0
user_191,Instagram,2025-04-13 05:22:00,1,1,1,1,1
user_192,TikTok,2025-06-01 16:01:00,1,1,0,0,0
user_193,TikTok,2025-04-19 00:11:00,1,1,1,1,1
user_194,Google Ads,2025-06-05 12:57:00,1,1,1,1,1
user_195,Google Ads,2025-04-21 06:32:00,1,1,1,0,0
user_196,Google Ads,2025-05-03 07:42:00,0,0,0,0,0
user_197,TikTok,2025-04-30 12:40:00,1,1,1,0,0
user_198,TikTok,2025-05-15 23:32:00,1,1,1,0,0
user_199,TikTok,2025-05-11 19:22:00,1,1,1,0,0
user_200,TikTok,2025-05-05 19:06:00,1,1,1,1,1
user_201,Google Ads,2025-05-27 08:01:00,1,1,1,0,0
user_202,Instagram,2025-04-18 17:59:00,1,1,1,1,0
user_203,Instagram,2025-04-24 10:22:00,1,1,1,1,1
user_204,TikTok,2025-05-19 09:09:00,1,1,1,1,0
user_205,Google Ads,2025-05-26 16:39:00,1,0,0,0,0
user_206,Instagram,2025-04-16 02:34:00,1,1,1,1,0
user_207,Instagram,2025-04-03 18:12:00,1,0,0,0,0
user_208,Google Ads,2025-05-20 04:31:00,1,1,1,0,0
user_209,Instagram,2025-04-30 01:53:00,1,1,1,1,0
user_210,Instagram,2025-06-05 17:41:00,1,0,0,0,0
user_211,Google Ads,2025-04-07 21:03:00,1,0,0,0,0
user_212,Google Ads,2025-04-03 02:20:00,1,0,0,0,0
user_213,Google Ads,2025-04-29 23:55:00,1,1,0,0,0
user_214,Instagram,2025-05-30 16:36:00,1,1,1,1,0
user_215,TikTok,2025-05-31 09:48:00,1,1,1,0,0
user_216,Instagram,2025-05-02 16:48:00,0,0,0,0,0
user_217,Google Ads,2025-04-07 14:36:00,1,1,1,0,0
user_218,TikTok,2025-04-02 15:56:00,1,1,1,1,1
user_219,Google Ads,2025-05-29 09:22:00,1,1,1,1,0
user_220,TikTok,2025-04-14 06:49:00,0,0,0,0,0
user_221,Google Ads,2025-04-02 02:31:00,1,1,1,1,1
user_222,Google Ads,2025-04-08 20:23:00,1,1,0,0,0
user_223,Instagram,2025-04-22 05:21:00,1,1,1,1,1
user_224,Google Ads,2025-05-20 19:19:00,1,1,1,1,1
user_225,Instagram,2025-06-03 23:08:00,1,1,1,0,0
user_226,Instagram,2025-06-09 04:16:00,1,1,1,1,0
user_227,TikTok,2025-05-30 21:11:00,1,1,1,0,0
user_228,Google Ads,2025-04-06 01:54:00,1,1,1,0,0
user_229,TikTok,2025-04-14 15:03:00,1,1,1,1,1
user_230,Google Ads,2025-05-17 23:55:00,1,1,1,1,1
user_231,TikTok,2025-06-07 05:46:00,0,0,0,0,0
user_232,Google Ads,2025-05-16 04:42:00,1,1,0,0,0
user_233,Google Ads,2025-05-29 01:44:00,0,0,0,0,0
user_234,Google Ads,2025-04-24 00:10:00,1,1,0,0,0
user_235,Instagram,2025-05-06 22:36:00,1,1,1,1,1
user_236,TikTok,2025-06-07 19:04:00,1,0,0,0,0
user_237,Instagram,2025-04-19 06:12:00,1,1,1,1,1
user_238,Instagram,2025-05-30 20:46:00,1,1,1,1,1
user_239,Google Ads,2025-05-19 02:34:00,1,1,1,0,0
user_240,Instagram,2025-04-02 17:09:00,1,0,0,0,0
user_241,TikTok,2025-05-08 11:07:00,1,0,0,0,0
user_242,TikTok,2025-04-16 15:34:00,1,1,1,0,0
user_243,TikTok,2025-05-15 04:20:00,1,1,1,0,0
user_244,Google Ads,2025-05-04 22:34:00,1,1,1,1,1
user_245,Instagram,2025-05-05 12:28:00,1,1,1,1,1
user_246,TikTok,2025-05-22 18:33:00,1,1,1,1,1
user_247,Google Ads,2025-05-18 11:04:00,1,1,1,1,0
user_248,TikTok,2025-05-05 02:58:00,1,1,1,1,1
user_249,TikTok,2025-05-08 17:02:00,1,1,1,0,0
user_250,TikTok,2025-05-04 01:58:00,1,1,1,1,0
user_251,Instagram,2025-05-25 08:09:00,0,0,0,0,0
user_252,Google Ads,2025-04-02 21:19:00,1,0,0,0,0
user_253,TikTok,2025-04-16 21:30:00,1,1,1,1,1
user_254,Google Ads,2025-05-24 15:16:00,1,1,1,1,1
user_255,Instagram,2025-04-26 08:29:00,0,0,0,0,0
user_256,Google Ads,2025-04-30 12:54:00,1,1,0,0,0
user_257,TikTok,2025-06-04 01:21:00,1,1,0,0,0
user_258,Google Ads,2025-04-14 01:07:00,1,0,0,0,0
user_259,Google Ads,2025-05-04 22:05:00,0,0,0,0,0
user_260,Instagram,2025-05-11 05:32:00,1,0,0,0,0
user_261,Google Ads,2025-06-03 23:24:00,1,1,1,1,1
user_262,TikTok,2025-06-03 15:39:00,1,0,0,0,0
user_263,Instagram,2025-04-23 23:02:00,1,1,1,0,0
user_264,Google Ads,2025-05-23 13:53:00,1,1,1,1,1
user_265,TikTok,2025-05-31 14:23:00,1,0,0,0,0
user_266,TikTok,2025-06-06 11:56:00,1,1,1,1,1
user_267,Google Ads,2025-05-12 23:41:00,1,1,1,0,0
user_268,TikTok,2025-05-23 08:58:00,1,1,1,1,1
user_269,Google Ads,2025-05-17 07:12:00,0,0,0,0,0
user_270,Instagram,2025-04-25 04:32:00,0,0,0,0,0
user_271,TikTok,2025-04-23 04:46:00,1,1,1,1,1
user_272,TikTok,2025-05-21 09:05:00,1,1,1,1,1
user_273,TikTok,2025-04-10 00:27:00,1,0,0,0,0
user_274,TikTok,2025-04-26 21:51:00,1,1,1,0,0
user_275,Google Ads,2025-04-22 22:15:00,1,1,1,1,0
user_276,Google Ads,2025-05-15 08:12:00,1,1,1,1,1
user_277,TikTok,2025-04-01 16:47:00,1,1,1,1,1
user_278,Google Ads,2025-05-20 07:01:00,1,1,1,1,0
user_279,TikTok,2025-05-23 22:42:00,1,1,1,1,1
user_280,TikTok,2025-05-03 23:57:00,0,0,0,0,0
user_281,TikTok,2025-04-21 07:37:00,1,1,1,1,0
user_282,Google Ads,2025-05-31 14:32:00,1,1,0,0,0
user_283,Google Ads,2025-04-30 07:27:00,1,1,1,1,1
user_284,Instagram,2025-04-10 05:21:00,1,1,1,1,1
user_285,Google Ads,2025-05-13 12:46:00,1,1,1,0,0
user_286,Instagram,2025-04-01 23:55:00,1,0,0,0,0
user_287,Google Ads,2025-06-08 15:55:00,1,1,1,1,1
user_288,Google Ads,2025-06-03 10:37:00,1,1,1,0,0
user_289,Instagram,2025-04-19 12:20:00,1,1,1,1,0
user_290,Google Ads,2025-04-04 12:44:00,1,1,1,1,0
user_291,Instagram,2025-05-28 01:57:00,1,1,1,1,0
user_292,Instagram,2025-04-10 09:07:00,1,1,0,0,0
user_293,TikTok,2025-05-21 09:55:00,1,1,1,1,1
user_294,Google Ads,2025-05-29 04:47:00,1,1,1,1,1
user_295,Instagram,2025-05-02 14:59:00,1,0,0,0,0
user_296,Google Ads,2025-04-06 04:51:00,1,1,1,0,0
user_297,TikTok,2025-05-05 20:32:00,1,1,1,1,1
user_298,Instagram,2025-05-26 19:55:00,1,0,0,0,0
user_299,Google Ads,2025-05-15 08:48:00,0,0,0,0,0
user_300,Instagram,2025-05-22 02:49:00,0,0,0,0,0
user_301,Instagram,2025-04-07 07:17:00,1,1,1,1,1
user_302,Google Ads,2025-04-15 13:13:00,1,1,1,0,0
user_303,Google Ads,2025-05-24 09:59:00,1,1,1,0,0
user_304,Google Ads,2025-05-18 03:29:00,1,0,0,0,0
user_305,TikTok,2025-04-17 13:01:00,1,1,1,1,1
user_306,TikTok,2025-04-27 02:07:00,1,1,1,1,1
user_307,Google Ads,2025-04-18 06:20:00,1,1,1,1,1
user_308,Google Ads,2025-04-15 17:15:00,1,1,1,1,1
user_309,TikTok,2025-05-24 19:15:00,1,1,1,0,0
user_310,Instagram,2025-06-03 02:34:00,1,0,0,0,0
user_311,Google Ads,2025-05-31 14:26:00,1,1,0,0,0
user_312,Instagram,2025-04-15 21:07:00,1,1,1,1,1
user_313,Instagram,2025-04-19 19:23:00,1,1,1,1,0
user_314,TikTok,2025-05-31 10:46:00,1,1,0,0,0
user_315,TikTok,2025-05-10 20:12:00,0,0,0,0,0
user_316,Google Ads,2025-05-01 14:24:00,1,1,1,1,0
user_317,Google Ads,2025-04-06 10:13:00,1,1,1,1,1
user_318,Instagram,2025-04-22 22:38:00,1,1,0,0,0
user_319,Instagram,2025-06-04 15:46:00,1,1,1,1,0
user_320,Instagram,2025-04-19 19:22:00,1,1,1,1,1
user_321,Google Ads,2025-04-21 07:21:00,1,1,0,0,0
user_322,TikTok,2025-06-06 19:34:00,1,1,1,1,1
user_323,Google Ads,2025-05-01 22:49:00,1,1,1,0,0
user_324,Instagram,2025-04-09 03:45:00,1,1,0,0,0
user_325,TikTok,2025-04-19 01:49:00,1,1,1,1,1
user_326,TikTok,2025-04-10 01:05:00,1,0,0,0,0
user_327,Google Ads,2025-04-10 22:08:00,0,0,0,0,0
user_328,Google Ads,2025-06-01 22:26:00,0,0,0,0,0
user_329,Google Ads,2025-04-05 13:00:00,1,1,1,1,1
user_330,Instagram,2025-06-07 21:28:00,1,1,0,0,0
user_331,Google Ads,2025-05-27 21:58:00,1,1,1,1,0
user_332,TikTok,2025-05-18 19:58:00,1,1,1,0,0
user_333,Instagram,2025-04-30 01:26:00,1,1,1,1,1
user_334,Instagram,2025-05-23 17:32:00,1,1,1,0,0
user_335,Instagram,2025-04-13 03:22:00,1,1,1,1,1
user_336,Instagram,2025-04-17 06:11:00,1,1,1,1,1
user_337,TikTok,2025-05-06 09:35:00,1,1,1,1,1
user_338,TikTok,2025-05-13 01:05:00,0,0,0,0,0
user_339,Google Ads,2025-05-25 17:17:00,1,1,1,1,1
user_340,Instagram,2025-05-07 07:47:00,0,0,0,0,0
user_341,Google Ads,2025-04-03 03:33:00,0,0,0,0,0
user_342,Google Ads,2025-05-24 15:38:00,1,0,0,0,0
user_343,Instagram,2025-04-16 07:22:00,1,1,1,1,1
user_344,Google Ads,2025-05-07 18:10:00,1,1,1,1,1
user_345,Google Ads,2025-05-01 20:13:00,1,1,0,0,0
user_346,Google Ads,2025-06-05 00:23:00,1,0,0,0,0
user_347,Google Ads,2025-06-07 23:23:00,1,1,0,0,0
user_348,Instagram,2025-04-24 10:36:00,0,0,0,0,0
user_349,Google Ads,2025-05-07 23:48:00,1,0,0,0,0
user_350,Google Ads,2025-04-28 05:34:00,1,1,1,1,0
user_351,Google Ads,2025-05-27 20:31:00,1,1,1,1,1
user_352,TikTok,2025-04-20 20:42:00,1,1,1,1,1
user_353,Google Ads,2025-05-08 00:51:00,0,0,0,0,0
user_354,Instagram,2025-05-04 23:01:00,1,1,1,1,1
user_355,Instagram,2025-06-09 10:26:00,1,1,1,0,0
user_356,Google Ads,2025-05-15 00:56:00,1,1,1,1,1
user_357,Instagram,2025-04-23 08:36:00,1,1,1,1,1
user_358,Google Ads,2025-04-04 21:46:00,1,1,1,1,1
user_359,TikTok,2025-04-06 03:44:00,1,0,0,0,0
user_360,Google Ads,2025-04-09 22:17:00,1,1,1,1,1
user_361,Google Ads,2025-04-14 21:02:00,1,1,1,1,0
user_362,Google Ads,2025-05-24 10:41:00,1,1,1,0,0
user_363,Google Ads,2025-04-02 09:00:00,1,0,0,0,0
user_364,Google Ads,2025-05-04 12:50:00,1,1,1,1,1
user_365,TikTok,2025-04-19 08:31:00,1,1,1,1,0
user_366,Google Ads,2025-05-30 00:16:00,1,1,1,1,0
user_367,TikTok,2025-05-28 10:31:00,1,0,0,0,0
user_368,TikTok,2025-04-19 07:45:00,1,1,1,0,0
user_369,Instagram,2025-04-27 11:58:00,1,0,0,0,0
user_370,Instagram,2025-04-16 23:39:00,1,1,0,0,0
user_371,Instagram,2025-04-13 22:39:00,1,1,1,1,1
user_372,Instagram,2025-05-30 09:30:00,1,1,1,1,1
user_373,Instagram,2025-06-09 09:11:00,1,1,1,0,0
user_374,Google Ads,2025-04-15 23:23:00,1,1,1,1,1
user_375,Instagram,2025-04-28 07:41:00,1,1,1,0,0
user_376,Google Ads,2025-04-05 00:16:00,0,0,0,0,0
user_377,TikTok,2025-04-26 07:24:00,1,1,1,1,0
user_378,Instagram,2025-05-18 20:36:00,1,1,1,1,1
user_379,TikTok,2025-04-07 01:11:00,0,0,0,0,0
user_380,Instagram,2025-05-22 14:38:00,1,1,1,1,1
user_381,Instagram,2025-05-28 14:50:00,1,1,1,1,1
user_382,Google Ads,2025-05-30 09:53:00,1,0,0,0,0
user_383,Google Ads,2025-04-22 07:47:00,1,1,1,1,1
user_384,TikTok,2025-04-28 03:50:00,1,0,0,0,0
user_385,TikTok,2025-05-13 21:48:00,1,1,1,0,0
user_386,TikTok,2025-05-28 13:19:00,1,1,0,0,0
user_387,Instagram,2025-04-27 23:07:00,1,1,1,0,0
user_388,Instagram,2025-04-04 22:15:00,1,1,1,1,1
user_389,TikTok,2025-05-02 03:39:00,1,1,1,1,1
user_390,TikTok,2025-05-08 05:45:00,0,0,0,0,0
user_391,TikTok,2025-05-07 04:18:00,1,1,0,0,0
user_392,Google Ads,2025-04-11 14:11:00,1,1,1,1,1
user_393,Google Ads,2025-04-01 08:46:00,1,1,1,1,0
user_394,TikTok,2025-05-18 18:00:00,0,0,0,0,0
user_395,Google Ads,2025-05-04 05:17:00,1,0,0,0,0
user_396,TikTok,2025-04-09 00:16:00,1,1,1,1,1
user_397,TikTok,2025-04-20 19:41:00,1,1,1,1,1
user_398,Google Ads,2025-05-25 22:03:00,1,1,1,1,1
user_399,TikTok,2025-05-06 10:27:00,1,1,1,1,0
user_400,TikTok,2025-04-24 23:31:00,1,1,1,1,1
user_401,Instagram,2025-04-07 01:12:00,1,0,0,0,0
user_402,TikTok,2025-05-16 10:55:00,1,1,0,0,0
user_403,Google Ads,2025-05-22 21:44:00,1,1,1,0,0
user_404,TikTok,2025-04-04 13:09:00,1,1,0,0,0
user_405,Google Ads,2025-05-05 05:08:00,1,1,1,1,1
user_406,TikTok,2025-05-08 22:15:00,1,1,1,0,0
user_407,Google Ads,2025-05-28 07:03:00,1,0,0,0,0
user_408,Instagram,2025-04-21 15:59:00,1,1,1,0,0
user_409,TikTok,2025-05-30 12:28:00,1,1,0,0,0
user_410,Instagram,2025-05-12 17:52:00,0,0,0,0,0
user_411,Google Ads,2025-04-19 11:09:00,0,0,0,0,0
user_412,TikTok,2025-04-21 20:15:00,1,0,0,0,0
user_413,TikTok,2025-04-21 03:29:00,1,1,1,1,1
user_414,Google Ads,2025-05-28 20:29:00,1,1,1,1,0
user_415,Google Ads,2025-05-14 02:06:00,1,1,1,1,1
user_416,Google Ads,2025-04-19 03:43:00,1,1,1,1,1
user_417,Instagram,2025-04-05 06:34:00,1,0,0,0,0
user_418,Google Ads,2025-04-16 03:24:00,1,1,1,1,1
user_419,Google Ads,2025-04-29 22:48:00,1,0,0,0,0
user_420,TikTok,2025-05-15 15:28:00,1,1,1,0,0
user_421,TikTok,2025-05-06 13:15:00,1,0,0,0,0
user_422,TikTok,2025-04-15 07:01:00,1,1,1,0,0
user_423,Instagram,2025-05-07 13:28:00,1,1,1,0,0
user_424,Google Ads,2025-04-21 21:27:00,1,1,0,0,0
user_425,Instagram,2025-05-05 16:10:00,1,1,1,1,0
user_426,Google Ads,2025-04-23 21:41:00,1,1,1,0,0
user_427,Google Ads,2025-05-19 02:58:00,1,1,1,1,1
user_428,TikTok,2025-05-03 01:27:00,1,1,1,1,1
user_429,Google Ads,2025-05-23 07:04:00,1,1,0,0,0
user_430,Instagram,2025-05-01 03:28:00,1,1,1,1,0
user_431,Instagram,2025-04-28 10:19:00,1,1,1,0,0
user_432,TikTok,2025-05-07 07:09:00,1,1,1,1,0
user_433,Google Ads,2025-04-27 18:39:00,1,1,1,1,1
user_434,Instagram,2025-05-22 14:39:00,1,1,0,0,0
user_435,Instagram,2025-06-06 04:37:00,1,1,1,1,0
user_436,TikTok,2025-06-06 21:47:00,1,0,0,0,0
user_437,Instagram,2025-05-04 21:07:00,1,0,0,0,0
user_438,TikTok,2025-04-25 15:28:00,1,1,1,1,0
user_439,TikTok,2025-05-22 16:41:00,1,1,1,0,0
user_440,Instagram,2025-05-22 20:23:00,1,0,0,0,0
user_441,Instagram,2025-04-16 13:51:00,1,1,1,0,0
user_442,TikTok,2025-05-13 20:01:00,1,1,1,1,1
user_443,Google Ads,2025-05-15 02:03:00,1,1,1,1,1
user_444,Google Ads,2025-05-05 03:13:00,1,1,1,1,0
user_445,TikTok,2025-04-05 10:08:00,1,0,0,0,0
user_446,TikTok,2025-04-20 01:04:00,1,1,1,1,1
user_447,TikTok,2025-05-02 06:04:00,1,1,1,1,0
user_448,TikTok,2025-05-29 05:49:00,0,0,0,0,0
user_449,Google Ads,2025-06-01 13:32:00,1,1,1,1,0
user_450,Instagram,2025-05-10 13:45:00,1,1,1,1,0
user_451,TikTok,2025-05-05 18:29:00,1,1,1,1,1
user_452,Google Ads,2025-05-07 08:06:00,1,1,1,1,0
user_453,Google Ads,2025-05-27 07:01:00,1,1,1,1,0
user_454,TikTok,2025-04-17 05:58:00,1,1,1,0,0
user_455,Instagram,2025-06-08 07:53:00,1,1,1,0,0
user_456,Google Ads,2025-05-06 07:41:00,1,1,1,1,1
user_457,Instagram,2025-05-23 16:57:00,1,0,0,0,0
user_458,Google Ads,2025-05-27 21:05:00,1,0,0,0,0
user_459,Instagram,2025-05-18 14:57:00,1,1,1,1,1
user_460,Instagram,2025-05-16 14:01:00,1,1,1,0,0
user_461,Instagram,2025-04-07 07:18:00,0,0,0,0,0
user_462,Google Ads,2025-04-18 08:43:00,1,1,1,0,0
user_463,TikTok,2025-05-14 14:08:00,1,1,1,1,0
user_464,Google Ads,2025-05-06 10:47:00,1,1,0,0,0
user_465,TikTok,2025-05-20 17:46:00,1,1,1,1,1
user_466,Google Ads,2025-05-11 01:00:00,0,0,0,0,0
user_467,Instagram,2025-05-05 13:46:00,1,1,1,1,0
user_468,TikTok,2025-04-02 08:05:00,1,1,1,0,0
user_469,Instagram,2025-05-29 07:36:00,1,0,0,0,0
user_470,TikTok,2025-04-19 01:35:00,1,1,1,1,1
user_471,Instagram,2025-04-24 03:20:00,1,1,1,1,1
user_472,TikTok,2025-05-16 01:21:00,1,1,1,1,1
user_473,Instagram,2025-06-03 01:47:00,1,1,1,1,1
user_474,TikTok,2025-04-19 06:09:00,1,1,1,0,0
user_475,Google Ads,2025-04-03 08:29:00,1,1,1,1,1
user_476,TikTok,2025-04-18 20:03:00,1,0,0,0,0
user_477,Instagram,2025-04-10 11:09:00,1,1,1,1,0
user_478,Google Ads,2025-05-13 17:50:00,1,1,1,1,1
user_479,TikTok,2025-04-18 05:46:00,1,0,0,0,0
user_480,Google Ads,2025-04-19 11:50:00,1,0,0,0,0
user_481,Google Ads,2025-06-08 14:02:00,1,1,1,1,0
user_482,Google Ads,2025-05-03 01:23:00,1,0,0,0,0
user_483,Google Ads,2025-06-08 09:51:00,1,1,1,1,1
user_484,Google Ads,2025-05-17 03:15:00,1,1,0,0,0
user_485,Google Ads,2025-04-09 02:13:00,1,1,1,1,1
user_486,TikTok,2025-04-20 10:01:00,1,1,0,0,0
user_487,Instagram,2025-05-27 21:41:00,1,1,1,1,1
user_488,Instagram,2025-05-22 11:37:00,1,1,1,1,1
user_489,TikTok,2025-04-24 09:02:00,1,0,0,0,0
user_490,TikTok,2025-06-08 14:58:00,1,1,1,1,1
user_491,Google Ads,2025-05-10 04:46:00,1,1,1,0,0
user_492,Google Ads,2025-04-15 18:48:00,1,1,1,1,1
user_493,Instagram,2025-06-06 00:41:00,1,1,1,1,0
user_494,Instagram,2025-04-26 14:37:00,1,1,1,1,1
user_495,Google Ads,2025-04-11 15:13:00,1,0,0,0,0
user_496,Google Ads,2025-05-27 04:05:00,1,0,0,0,0
user_497,Google Ads,2025-05-21 11:55:00,1,1,1,0,0
user_498,Instagram,2025-04-08 04:06:00,1,1,1,1,1
user_499,TikTok,2025-04-02 02:00:00,1,0,0,0,0
user_500,TikTok,2025-05-25 23:08:00,1,1,1,1,1
user_501,Google Ads,2025-05-28 18:26:00,0,0,0,0,0
user_502,Google Ads,2025-04-19 13:45:00,1,1,1,1,1
user_503,Google Ads,2025-04-23 03:30:00,1,1,1,1,0
user_504,TikTok,2025-04-14 21:42:00,1,1,0,0,0
user_505,Google Ads,2025-05-07 12:19:00,1,0,0,0,0
user_506,Instagram,2025-05-19 19:56:00,1,1,1,1,1
user_507,TikTok,2025-05-29 05:27:00,1,1,1,0,0
user_508,TikTok,2025-04-20 17:00:00,1,1,1,1,1
user_509,TikTok,2025-04-02 15:16:00,1,1,0,0,0
user_510,TikTok,2025-05-19 20:06:00,1,0,0,0,0
user_511,Google Ads,2025-06-04 04:47:00,1,1,1,1,0
user_512,Google Ads,2025-06-02 10:19:00,0,0,0,0,0
user_513,TikTok,2025-04-14 22:09:00,1,1,1,0,0
user_514,TikTok,2025-05-23 13:57:00,1,1,1,1,1
user_515,Instagram,2025-04-12 04:02:00,1,1,1,1,1
user_516,Instagram,2025-04-01 11:01:00,1,1,1,1,1
user_517,Google Ads,2025-04-26 23:32:00,1,1,1,1,1
user_518,TikTok,2025-04-03 00:40:00,1,1,1,1,0
user_519,TikTok,2025-06-03 07:54:00,1,1,1,1,1
user_520,Instagram,2025-05-12 21:15:00,1,1,1,0,0
user_521,Google Ads,2025-05-26 06:01:00,1,1,1,1,1
user_522,Google Ads,2025-04-07 05:06:00,1,1,1,1,1
user_523,TikTok,2025-06-05 10:42:00,1,0,0,0,0
user_524,TikTok,2025-05-02 14:20:00,1,1,1,1,1
user_525,TikTok,2025-04-12 07:49:00,1,1,0,0,0
user_526,Google Ads,2025-05-09 08:30:00,1,1,1,0,0
user_527,Google Ads,2025-06-08 12:16:00,1,1,0,0,0
user_528,Instagram,2025-04-21 20:27:00,1,1,0,0,0
user_529,Instagram,2025-05-21 09:01:00,1,1,1,1,0
user_530,TikTok,2025-05-12 04:41:00,1,1,1,0,0
user_531,TikTok,2025-04-01 15:56:00,1,1,1,0,0
user_532,TikTok,2025-05-22 11:31:00,1,1,1,1,0
user_533,TikTok,2025-05-04 06:28:00,0,0,0,0,0
user_534,Google Ads,2025-05-25 09:39:00,1,1,0,0,0
user_535,TikTok,2025-04-19 00:43:00,1,1,1,1,1
user_536,TikTok,2025-04-28 09:23:00,1,1,1,1,1
user_537,TikTok,2025-06-08 22:19:00,1,1,0,0,0
user_538,Instagram,2025-04-28 03:03:00,1,1,1,1,1
user_539,Google Ads,2025-05-27 02:58:00,1,1,1,1,0
user_540,Instagram,2025-04-04 06:23:00,1,1,1,1,1
user_541,TikTok,2025-05-16 05:28:00,1,1,1,1,1
user_542,Google Ads,2025-05-21 01:39:00,0,0,0,0,0
user_543,Instagram,2025-04-18 22:49:00,1,0,0,0,0
user_544,Google Ads,2025-04-23 03:00:00,1,1,0,0,0
user_545,Google Ads,2025-04-22 22:25:00,1,1,0,0,0
user_546,Google Ads,2025-04-16 06:55:00,1,1,1,0,0
user_547,Instagram,2025-05-24 20:19:00,1,0,0,0,0
user_548,Google Ads,2025-05-01 06:25:00,1,1,1,1,1
user_549,Google Ads,2025-04-19 17:18:00,1,1,0,0,0
user_550,TikTok,2025-04-19 01:37:00,1,0,0,0,0
user_551,Google Ads,2025-05-24 06:27:00,1,1,1,1,0
user_552,TikTok,2025-05-02 11:50:00,0,0,0,0,0
user_553,Google Ads,2025-04-09 11:21:00,1,1,0,0,0
user_554,Google Ads,2025-04-21 10:26:00,0,0,0,0,0
user_555,TikTok,2025-04-13 08:18:00,1,0,0,0,0
user_556,Google Ads,2025-05-02 10:01:00,1,1,1,1,1
user_557,Instagram,2025-04-30 07:49:00,1,1,1,1,1
user_558,Instagram,2025-05-31 04:12:00,1,1,0,0,0
user_559,TikTok,2025-05-04 14:04:00,1,1,1,1,1
user_560,Google Ads,2025-06-08 15:13:00,1,0,0,0,0
user_561,TikTok,2025-05-29 22:38:00,0,0,0,0,0
user_562,Instagram,2025-05-10 14:56:00,1,0,0,0,0
user_563,Instagram,2025-04-20 02:10:00,1,0,0,0,0
user_564,Instagram,2025-04-14 20:55:00,1,0,0,0,0
user_565,Google Ads,2025-04-19 13:23:00,1,1,1,1,1
user_566,Google Ads,2025-04-17 03:59:00,1,1,1,1,1
user_567,Google Ads,2025-05-25 09:01:00,1,1,1,0,0
user_568,Google Ads,2025-04-09 00:41:00,0,0,0,0,0
user_569,TikTok,2025-05-16 21:01:00,1,1,1,1,1
user_570,Google Ads,2025-06-01 09:17:00,1,0,0,0,0
user_571,Google Ads,2025-05-05 03:13:00,0,0,0,0,0
user_572,TikTok,2025-04-24 00:22:00,1,1,1,1,1
user_573,Google Ads,2025-04-19 16:36:00,1,1,1,1,0
user_574,Google Ads,2025-05-15 16:04:00,1,1,1,0,0
user_575,TikTok,2025-05-02 05:25:00,1,1,1,1,1
user_576,TikTok,2025-04-04 05:28:00,0,0,0,0,0
user_577,Instagram,2025-04-25 09:33:00,1,1,1,1,0
user_578,TikTok,2025-05-06 04:37:00,1,1,0,0,0
user_579,Google Ads,2025-06-06 16:59:00,1,1,1,1,1
user_580,Instagram,2025-06-05 16:28:00,0,0,0,0,0
user_581,Google Ads,2025-06-09 09:50:00,1,1,1,1,1
user_582,TikTok,2025-06-08 06:37:00,1,1,1,1,1
user_583,Google Ads,2025-05-19 16:55:00,1,1,1,1,1
user_584,Google Ads,2025-04-25 08:06:00,1,1,1,1,0
user_585,Google Ads,2025-05-03 16:24:00,1,1,1,1,1
user_586,Instagram,2025-05-19 03:50:00,1,1,1,0,0
user_587,Instagram,2025-05-02 20:53:00,1,1,0,0,0
user_588,Instagram,2025-05-13 13:12:00,1,1,1,1,1
user_589,Instagram,2025-06-03 23:52:00,1,1,1,1,0
user_590,Instagram,2025-05-17 23:29:00,1,1,1,1,1
user_591,Instagram,2025-05-15 21:54:00,1,0,0,0,0
user_592,Google Ads,2025-04-10 13:20:00,1,1,0,0,0
user_593,Instagram,2025-04-16 05:27:00,1,1,1,1,0
user_594,Google Ads,2025-05-31 01:15:00,1,1,1,1,1
user_595,TikTok,2025-05-13 14:47:00,1,0,0,0,0
user_596,Google Ads,2025-06-08 00:35:00,1,1,0,0,0
user_597,Google Ads,2025-04-09 17:48:00,1,1,1,0,0
user_598,Instagram,2025-05-07 06:33:00,1,1,1,0,0
user_599,Instagram,2025-05-02 01:38:00,1,1,1,1,1
user_600,Instagram,2025-04-24 04:37:00,1,1,1,1,0
user_601,Instagram,2025-05-28 01:49:00,1,1,1,1,1
user_602,Instagram,2025-05-24 00:47:00,1,1,1,1,0
user_603,Instagram,2025-05-20 11:40:00,1,0,0,0,0
user_604,Instagram,2025-05-24 04:59:00,1,1,1,0,0
user_605,Instagram,2025-04-14 18:16:00,1,0,0,0,0
user_606,Google Ads,2025-04-30 08:00:00,1,1,1,1,0
user_607,Instagram,2025-04-05 08:36:00,1,1,1,1,0
user_608,Google Ads,2025-05-26 05:30:00,1,0,0,0,0
user_609,Google Ads,2025-04-17 07:39:00,0,0,0,0,0
user_610,Google Ads,2025-06-01 12:16:00,1,0,0,0,0
user_611,Instagram,2025-05-28 06:55:00,1,0,0,0,0
user_612,TikTok,2025-05-20 17:55:00,1,1,1,0,0
user_613,Google Ads,2025-05-30 02:32:00,0,0,0,0,0
user_614,Instagram,2025-04-25 23:06:00,1,1,0,0,0
user_615,TikTok,2025-05-09 08:04:00,1,1,1,1,1
user_616,TikTok,2025-05-07 00:46:00,1,0,0,0,0
user_617,Instagram,2025-05-20 18:12:00,1,0,0,0,0
user_618,Instagram,2025-04-11 19:23:00,1,0,0,0,0
user_619,TikTok,2025-06-04 02:44:00,1,0,0,0,0
user_620,TikTok,2025-06-04 05:04:00,1,1,1,1,1
user_621,Instagram,2025-04-07 20:07:00,1,1,1,1,1
user_622,Instagram,2025-04-19 03:55:00,1,1,1,1,0
user_623,Google Ads,2025-05-26 07:51:00,1,0,0,0,0
user_624,Google Ads,2025-05-28 20:30:00,0,0,0,0,0
user_625,Google Ads,2025-05-17 17:18:00,0,0,0,0,0
user_626,Google Ads,2025-04-13 17:09:00,1,1,0,0,0
user_627,Google Ads,2025-04-01 10:19:00,0,0,0,0,0
user_628,TikTok,2025-05-28 18:34:00,1,1,0,0,0
user_629,Instagram,2025-05-05 19:08:00,1,1,1,1,0
user_630,Instagram,2025-04-25 02:27:00,1,1,1,1,1
user_631,TikTok,2025-04-15 02:57:00,1,0,0,0,0
user_632,TikTok,2025-05-27 14:57:00,1,1,1,1,1
user_633,Google Ads,2025-05-17 04:24:00,1,1,1,0,0
user_634,Google Ads,2025-05-04 01:34:00,1,1,1,1,1
user_635,Instagram,2025-06-03 11:48:00,1,1,1,1,0
user_636,Google Ads,2025-06-03 07:15:00,0,0,0,0,0
user_637,Google Ads,2025-04-01 04:41:00,1,1,1,1,1
user_638,Instagram,2025-04-20 01:00:00,1,1,1,1,1
user_639,Instagram,2025-05-27 04:16:00,1,1,1,1,1
user_640,Google Ads,2025-04-28 02:30:00,1,1,1,1,1
user_641,Instagram,2025-04-01 17:38:00,1,1,1,0,0
user_642,Google Ads,2025-05-30 20:53:00,1,1,1,1,0
user_643,Instagram,2025-05-23 23:00:00,1,1,1,1,1
user_644,Google Ads,2025-04-20 17:24:00,1,0,0,0,0
user_645,Instagram,2025-04-21 17:36:00,1,1,1,0,0
user_646,TikTok,2025-04-07 09:20:00,1,1,1,1,1
user_647,Google Ads,2025-05-15 13:38:00,1,1,1,1,1
user_648,Google Ads,2025-04-24 14:37:00,1,1,1,1,1
user_649,TikTok,2025-04-18 18:51:00,1,1,1,1,1
user_650,Google Ads,2025-04-29 15:15:00,1,0,0,0,0
user_651,Instagram,2025-04-25 08:17:00,1,1,1,0,0
user_652,Google Ads,2025-04-01 20:39:00,1,0,0,0,0
user_653,Google Ads,2025-05-16 14:21:00,1,1,1,1,1
user_654,TikTok,2025-05-02 10:32:00,1,0,0,0,0
user_655,Google Ads,2025-06-02 01:53:00,1,1,1,1,0
user_656,Instagram,2025-05-13 12:12:00,1,1,0,0,0
user_657,Instagram,2025-04-11 16:38:00,0,0,0,0,0
user_658,Google Ads,2025-05-10 05:43:00,1,1,1,1,1
user_659,Google Ads,2025-04-05 14:38:00,0,0,0,0,0
user_660,Google Ads,2025-04-05 13:30:00,1,1,1,1,1
user_661,Google Ads,2025-05-18 18:25:00,0,0,0,0,0
user_662,TikTok,2025-04-07 07:50:00,1,1,1,0,0
user_663,Google Ads,2025-05-25 23:01:00,1,1,1,0,0
user_664,Instagram,2025-04-09 09:55:00,1,1,1,1,1
user_665,Instagram,2025-04-28 03:02:00,1,0,0,0,0
user_666,Instagram,2025-04-16 21:51:00,1,1,1,1,1
user_667,Instagram,2025-04-23 14:36:00,1,0,0,0,0
user_668,Instagram,2025-05-25 06:11:00,1,1,1,1,0
user_669,Instagram,2025-04-02 08:49:00,1,1,1,1,1
user_670,Instagram,2025-05-01 09:13:00,1,1,1,1,1
user_671,Instagram,2025-05-28 12:11:00,0,0,0,0,0
user_672,TikTok,2025-04-04 02:30:00,0,0,0,0,0
user_673,Instagram,2025-04-08 02:25:00,1,1,1,1,0
user_674,Google Ads,2025-04-17 02:36:00,1,1,1,1,1
user_675,Google Ads,2025-04-10 11:49:00,1,0,0,0,0
user_676,TikTok,2025-04-26 23:00:00,1,1,1,1,0
user_677,Instagram,2025-05-04 13:20:00,1,1,1,1,1
user_678,Google Ads,2025-05-03 22:14:00,1,1,1,1,1
user_679,TikTok,2025-04-11 19:37:00,0,0,0,0,0
user_680,TikTok,2025-06-01 02:49:00,1,1,1,0,0
user_681,TikTok,2025-05-09 11:29:00,1,1,1,1,1
user_682,Instagram,2025-04-20 21:05:00,1,1,1,0,0
user_683,Instagram,2025-05-27 06:40:00,1,1,1,0,0
user_684,Google Ads,2025-04-17 17:29:00,1,1,1,1,1
user_685,TikTok,2025-04-26 08:07:00,1,1,1,1,1
user_686,Google Ads,2025-05-16 17:18:00,1,0,0,0,0
user_687,Google Ads,2025-06-07 08:39:00,0,0,0,0,0
user_688,Instagram,2025-06-05 19:55:00,1,1,1,1,1
user_689,TikTok,2025-05-05 19:38:00,1,1,1,1,1
user_690,Instagram,2025-04-30 17:43:00,0,0,0,0,0
user_691,Google Ads,2025-04-26 20:08:00,1,1,0,0,0
user_692,Google Ads,2025-05-08 13:01:00,1,0,0,0,0
user_693,Google Ads,2025-04-22 06:59:00,1,1,1,1,1
user_694,Instagram,2025-04-23 03:30:00,1,1,0,0,0
user_695,Instagram,2025-05-25 22:54:00,0,0,0,0,0
user_696,Google Ads,2025-05-03 16:15:00,1,1,1,0,0
user_697,Instagram,2025-04-14 13:08:00,1,1,1,1,1
user_698,Google Ads,2025-04-30 08:47:00,1,0,0,0,0
user_699,Instagram,2025-05-25 19:16:00,1,1,1,1,0
user_700,Google Ads,2025-04-19 17:44:00,1,1,1,1,1
user_701,Google Ads,2025-04-06 15:25:00,1,1,1,1,0
user_702,Instagram,2025-04-26 00:59:00,1,1,1,1,1
user_703,Google Ads,2025-05-19 07:29:00,1,0,0,0,0
user_704,Instagram,2025-04-12 20:47:00,1,1,1,1,1
user_705,Instagram,2025-04-04 23:04:00,1,0,0,0,0
user_706,TikTok,2025-05-13 01:36:00,1,1,0,0,0
user_707,Google Ads,2025-05-21 23:04:00,1,1,0,0,0
user_708,TikTok,2025-05-31 12:08:00,1,1,1,1,1
user_709,Instagram,2025-05-21 07:40:00,1,1,1,1,1
user_710,Google Ads,2025-04-19 21:28:00,1,1,1,1,1
user_711,TikTok,2025-05-30 03:10:00,1,1,1,1,1
user_712,Google Ads,2025-05-16 20:24:00,1,1,1,1,0
user_713,Google Ads,2025-04-28 16:42:00,1,1,1,1,0
user_714,Google Ads,2025-04-19 00:03:00,1,1,1,1,0
user_715,Google Ads,2025-04-21 06:05:00,1,0,0,0,0
user_716,TikTok,2025-05-17 16:03:00,1,1,1,0,0
user_717,TikTok,2025-06-03 17:09:00,1,1,1,0,0
user_718,TikTok,2025-04-03 20:34:00,1,1,1,1,1
user_719,Instagram,2025-05-16 02:45:00,1,1,1,0,0
user_720,TikTok,2025-04-26 05:21:00,1,1,1,0,0
user_721,TikTok,2025-05-21 21:37:00,1,0,0,0,0
user_722,Instagram,2025-06-07 02:52:00,1,1,1,1,0
user_723,Instagram,2025-06-08 23:04:00,1,1,1,1,1
user_724,TikTok,2025-04-18 15:46:00,1,1,1,1,1
user_725,Google Ads,2025-04-13 08:12:00,1,0,0,0,0
user_726,TikTok,2025-04-03 13:52:00,1,1,1,0,0
user_727,Instagram,2025-04-01 22:47:00,0,0,0,0,0
user_728,TikTok,2025-06-03 16:56:00,1,1,1,0,0
user_729,Instagram,2025-05-07 01:24:00,1,1,1,0,0
user_730,Instagram,2025-04-03 14:06:00,1,0,0,0,0
user_731,Instagram,2025-06-01 21:52:00,0,0,0,0,0
user_732,TikTok,2025-04-20 06:03:00,1,1,0,0,0
user_733,Google Ads,2025-04-07 07:48:00,1,1,0,0,0
user_734,Google Ads,2025-05-24 23:14:00,1,1,1,1,0
user_735,Google Ads,2025-04-25 18:03:00,1,1,1,1,1
user_736,TikTok,2025-04-22 18:04:00,1,1,0,0,0
user_737,Google Ads,2025-05-28 21:20:00,1,1,1,1,1
user_738,TikTok,2025-04-07 04:47:00,1,0,0,0,0
user_739,Google Ads,2025-06-05 01:20:00,1,1,1,0,0
user_740,Google Ads,2025-06-07 01:06:00,1,1,1,1,0
user_741,Google Ads,2025-04-16 14:03:00,1,1,1,1,1
user_742,Google Ads,2025-05-26 12:53:00,1,0,0,0,0
user_743,TikTok,2025-05-15 01:29:00,0,0,0,0,0
user_744,Google Ads,2025-05-24 07:03:00,1,0,0,0,0
user_745,Instagram,2025-05-12 19:53:00,1,1,1,1,1
user_746,TikTok,2025-04-18 17:37:00,1,1,1,1,1
user_747,Google Ads,2025-05-24 20:56:00,0,0,0,0,0
user_748,Google Ads,2025-04-16 16:52:00,0,0,0,0,0
user_749,TikTok,2025-06-05 06:17:00,1,1,0,0,0
user_750,Google Ads,2025-04-05 11:51:00,1,1,0,0,0
user_751,Instagram,2025-04-25 17:51:00,0,0,0,0,0
user_752,TikTok,2025-06-03 22:19:00,1,1,1,1,1
user_753,Google Ads,2025-04-22 18:28:00,1,1,0,0,0
user_754,Google Ads,2025-05-15 22:52:00,1,1,1,0,0
user_755,Instagram,2025-04-01 19:37:00,1,1,1,0,0
user_756,TikTok,2025-04-04 07:20:00,1,1,1,1,1
user_757,Google Ads,2025-04-23 18:19:00,1,0,0,0,0
user_758,Google Ads,2025-04-16 00:36:00,1,1,1,0,0
user_759,TikTok,2025-05-27 20:49:00,1,1,1,0,0
user_760,TikTok,2025-05-08 04:31:00,1,1,1,0,0
user_761,Instagram,2025-04-09 00:36:00,1,1,1,0,0
user_762,Google Ads,2025-04-20 03:58:00,1,1,0,0,0
user_763,Instagram,2025-04-09 00:43:00,1,1,1,1,1
user_764,TikTok,2025-05-03 12:19:00,1,1,1,1,0
user_765,Instagram,2025-05-22 05:30:00,1,1,1,1,1
user_766,Google Ads,2025-06-03 05:35:00,1,1,1,1,1
user_767,TikTok,2025-04-19 17:26:00,1,1,0,0,0
user_768,TikTok,2025-05-27 17:49:00,1,0,0,0,0
user_769,Google Ads,2025-05-12 14:09:00,1,0,0,0,0
user_770,TikTok,2025-04-19 17:47:00,1,1,0,0,0
user_771,Instagram,2025-05-25 15:54:00,1,1,1,1,0
user_772,TikTok,2025-05-11 12:28:00,1,1,1,1,1
user_773,Instagram,2025-04-18 01:56:00,1,1,1,1,1
user_774,Google Ads,2025-04-24 00:54:00,1,1,1,1,1
user_775,TikTok,2025-05-15 12:26:00,1,1,0,0,0
user_776,Instagram,2025-05-19 14:07:00,1,1,1,0,0
user_777,Instagram,2025-05-12 02:22:00,1,1,1,1,1
user_778,TikTok,2025-06-04 19:00:00,0,0,0,0,0
user_779,TikTok,2025-05-31 12:43:00,1,1,1,1,1
user_780,Google Ads,2025-04-28 07:10:00,1,1,1,1,1
user_781,Google Ads,2025-05-09 22:48:00,1,1,1,1,1
user_782,Google Ads,2025-04-07 04:26:00,1,1,1,1,1
user_783,Instagram,2025-04-26 15:14:00,1,0,0,0,0
user_784,Google Ads,2025-05-02 12:19:00,1,1,1,1,1
user_785,Instagram,2025-05-25 14:12:00,1,1,1,0,0
user_786,TikTok,2025-04-27 03:30:00,1,1,1,1,1
user_787,Google Ads,2025-05-03 13:21:00,1,1,1,1,1
user_788,Google Ads,2025-05-03 05:33:00,1,1,0,0,0
user_789,Google Ads,2025-04-05 04:12:00,1,1,1,1,1
user_790,TikTok,2025-05-05 19:15:00,1,1,1,0,0
user_791,Instagram,2025-04-05 23:11:00,1,1,1,1,1
user_792,Google Ads,2025-05-11 01:56:00,1,0,0,0,0
user_793,Google Ads,2025-06-05 02:27:00,1,0,0,0,0
user_794,Google Ads,2025-06-04 08:13:00,1,1,1,1,1
user_795,Instagram,2025-04-26 06:18:00,1,1,1,0,0
user_796,TikTok,2025-04-30 14:52:00,1,1,0,0,0
user_797,TikTok,2025-05-21 07:10:00,0,0,0,0,0
user_798,Google Ads,2025-04-10 08:27:00,1,0,0,0,0
user_799,Google Ads,2025-04-22 12:50:00,1,1,1,1,0
user_800,TikTok,2025-05-08 23:31:00,1,0,0,0,0
user_801,TikTok,2025-05-15 13:17:00,1,1,1,0,0
user_802,Instagram,2025-04-09 12:49:00,1,1,1,1,1
user_803,Google Ads,2025-05-02 05:36:00,1,1,1,1,1
user_804,Google Ads,2025-05-01 06:36:00,1,0,0,0,0
user_805,Google Ads,2025-04-17 02:11:00,1,1,1,1,0
user_806,TikTok,2025-05-30 23:25:00,1,1,0,0,0
user_807,TikTok,2025-06-09 03:50:00,1,1,0,0,0
user_808,TikTok,2025-05-01 15:39:00,1,1,1,0,0
user_809,Google Ads,2025-05-04 19:53:00,1,1,1,1,1
user_810,Instagram,2025-04-21 15:34:00,1,1,1,0,0
user_811,TikTok,2025-05-21 09:48:00,1,1,0,0,0
user_812,TikTok,2025-05-15 04:46:00,1,1,1,0,0
user_813,Instagram,2025-04-03 12:54:00,1,1,1,0,0
user_814,TikTok,2025-06-01 19:42:00,1,1,1,0,0
user_815,TikTok,2025-04-14 00:23:00,1,1,0,0,0
user_816,Google Ads,2025-05-04 14:08:00,1,0,0,0,0
user_817,Google Ads,2025-06-02 12:25:00,1,0,0,0,0
user_818,Google Ads,2025-05-22 12:12:00,1,1,0,0,0
user_819,Instagram,2025-04-05 11:21:00,1,1,1,1,1
user_820,Google Ads,2025-04-18 02:11:00,1,1,1,1,1
user_821,TikTok,2025-04-09 10:29:00,1,1,1,1,0
user_822,Instagram,2025-05-12 02:29:00,1,1,0,0,0
user_823,Google Ads,2025-04-16 01:15:00,1,1,1,1,1
user_824,Google Ads,2025-05-20 07:51:00,1,1,1,1,1
user_825,Google Ads,2025-04-30 15:08:00,1,0,0,0,0
user_826,TikTok,2025-04-10 11:53:00,1,1,1,1,0
user_827,Google Ads,2025-05-24 05:46:00,1,0,0,0,0
user_828,Google Ads,2025-06-01 06:04:00,1,0,0,0,0
user_829,TikTok,2025-05-27 01:58:00,1,1,1,1,1
user_830,Google Ads,2025-05-16 10:29:00,1,1,1,1,1
user_831,Instagram,2025-04-17 10:29:00,1,1,0,0,0
user_832,Google Ads,2025-04-24 15:48:00,1,1,1,0,0
user_833,Instagram,2025-06-01 15:49:00,1,1,1,1,0
user_834,Instagram,2025-04-07 13:15:00,1,1,1,0,0
user_835,Google Ads,2025-06-05 08:08:00,1,0,0,0,0
user_836,Google Ads,2025-05-07 06:49:00,1,1,1,1,1
user_837,TikTok,2025-04-26 23:04:00,1,1,1,1,1
user_838,Google Ads,2025-05-27 21:29:00,1,1,0,0,0
user_839,Google Ads,2025-05-23 21:13:00,1,0,0,0,0
user_840,Google Ads,2025-05-23 08:28:00,0,0,0,0,0
user_841,Instagram,2025-04-22 19:21:00,1,1,1,1,1
user_842,Google Ads,2025-05-20 21:11:00,1,1,0,0,0
user_843,Instagram,2025-04-24 16:04:00,1,1,1,0,0
user_844,TikTok,2025-05-09 18:26:00,1,1,1,1,0
user_845,Instagram,2025-04-26 07:31:00,1,1,1,0,0
user_846,Google Ads,2025-04-06 00:27:00,0,0,0,0,0
user_847,Instagram,2025-04-23 03:50:00,1,1,1,1,0
user_848,TikTok,2025-04-26 00:41:00,1,1,1,0,0
user_849,Google Ads,2025-06-01 18:00:00,1,1,1,0,0
user_850,Google Ads,2025-05-16 14:41:00,1,1,1,1,0
user_851,Instagram,2025-05-27 15:31:00,1,1,1,0,0
user_852,TikTok,2025-05-16 11:21:00,1,1,1,1,1
user_853,Instagram,2025-05-18 14:56:00,1,1,1,1,1
user_854,TikTok,2025-05-15 13:34:00,1,1,1,0,0
user_855,Instagram,2025-04-19 04:00:00,1,1,1,1,0
user_856,Instagram,2025-04-13 05:53:00,1,1,1,0,0
user_857,Instagram,2025-06-05 21:20:00,1,1,1,1,0
user_858,Google Ads,2025-04-12 19:34:00,0,0,0,0,0
user_859,Google Ads,2025-05-26 22:12:00,1,1,0,0,0
user_860,Instagram,2025-05-05 02:24:00,1,1,1,0,0
user_861,TikTok,2025-04-29 21:41:00,1,1,0,0,0
user_862,Google Ads,2025-05-24 15:11:00,1,1,1,1,1
user_863,Google Ads,2025-05-18 11:48:00,0,0,0,0,0
user_864,Google Ads,2025-04-12 02:54:00,1,1,1,0,0
user_865,Google Ads,2025-06-04 06:58:00,1,1,1,1,1
user_866,Google Ads,2025-04-24 10:35:00,1,1,1,1,1
user_867,Instagram,2025-04-29 01:10:00,1,1,1,1,1
user_868,Instagram,2025-04-17 11:11:00,1,1,1,1,1
user_869,TikTok,2025-06-03 15:38:00,1,0,0,0,0
user_870,TikTok,2025-05-11 06:33:00,1,1,1,1,0
user_871,Google Ads,2025-05-22 20:56:00,1,1,1,1,1
user_872,Instagram,2025-04-19 21:33:00,1,1,1,0,0
user_873,Google Ads,2025-05-11 03:04:00,1,1,0,0,0
user_874,Google Ads,2025-04-06 03:41:00,0,0,0,0,0
user_875,Instagram,2025-05-31 08:56:00,1,1,1,1,1
user_876,Instagram,2025-06-08 19:13:00,0,0,0,0,0
user_877,TikTok,2025-04-13 07:27:00,1,0,0,0,0
user_878,Google Ads,2025-04-04 00:38:00,1,1,1,1,1
user_879,Instagram,2025-05-16 05:08:00,0,0,0,0,0
user_880,Instagram,2025-06-05 06:58:00,1,1,1,1,1
user_881,Instagram,2025-04-23 07:17:00,1,1,1,1,0
user_882,Google Ads,2025-06-01 14:20:00,1,1,1,1,0
user_883,Instagram,2025-04-23 03:50:00,1,1,0,0,0
user_884,Instagram,2025-06-08 01:52:00,0,0,0,0,0
user_885,TikTok,2025-05-09 17:14:00,1,0,0,0,0
user_886,Instagram,2025-05-14 08:38:00,1,1,1,0,0
user_887,Google Ads,2025-04-21 09:31:00,1,1,0,0,0
user_888,Instagram,2025-05-06 18:21:00,0,0,0,0,0
user_889,Instagram,2025-05-13 07:46:00,1,0,0,0,0
user_890,Instagram,2025-04-27 17:07:00,1,1,1,1,1
user_891,TikTok,2025-04-13 05:45:00,1,1,1,0,0
user_892,TikTok,2025-04-24 12:53:00,0,0,0,0,0
user_893,TikTok,2025-05-24 00:09:00,0,0,0,0,0
user_894,Google Ads,2025-04-22 12:47:00,1,1,1,1,0
user_895,Google Ads,2025-06-03 09:42:00,1,1,0,0,0
user_896,Instagram,2025-04-28 10:52:00,1,0,0,0,0
user_897,Instagram,2025-05-08 16:13:00,1,0,0,0,0
user_898,TikTok,2025-04-09 13:23:00,1,1,0,0,0
user_899,Instagram,2025-05-21 22:59:00,1,1,0,0,0
user_900,Instagram,2025-04-10 20:50:00,1,1,1,1,0
user_901,Instagram,2025-04-12 10:16:00,1,1,1,1,0
user_902,Instagram,2025-04-22 18:47:00,1,1,1,1,0
user_903,Instagram,2025-05-08 22:24:00,1,1,1,1,1
user_904,Google Ads,2025-04-08 00:26:00,1,1,1,0,0
user_905,Google Ads,2025-05-18 05:28:00,1,1,0,0,0
user_906,TikTok,2025-05-21 04:00:00,1,1,1,1,0
user_907,TikTok,2025-05-15 15:55:00,1,0,0,0,0
user_908,Google Ads,2025-05-19 02:09:00,1,1,1,0,0
user_909,Instagram,2025-05-20 00:27:00,1,1,1,1,1
user_910,Google Ads,2025-04-08 11:16:00,1,1,1,1,1
user_911,Google Ads,2025-05-18 05:31:00,1,1,1,0,0
user_912,Instagram,2025-04-26 06:18:00,1,1,1,1,1
user_913,Google Ads,2025-04-03 22:55:00,1,1,1,1,0
user_914,Google Ads,2025-04-11 01:24:00,1,0,0,0,0
user_915,Google Ads,2025-05-10 06:29:00,1,0,0,0,0
user_916,Google Ads,2025-04-24 23:03:00,0,0,0,0,0
user_917,Instagram,2025-05-22 05:54:00,1,1,1,1,1
user_918,TikTok,2025-05-02 07:53:00,1,0,0,0,0
user_919,TikTok,2025-05-22 10:29:00,1,1,1,1,0
user_920,Instagram,2025-06-08 03:17:00,1,1,1,0,0
user_921,TikTok,2025-04-04 15:29:00,1,1,1,0,0
user_922,Google Ads,2025-04-14 08:01:00,1,1,1,1,1
user_923,TikTok,2025-05-11 16:16:00,1,1,1,1,1
user_924,TikTok,2025-04-07 17:26:00,1,1,1,0,0
user_925,Google Ads,2025-05-08 01:23:00,1,1,1,1,1
user_926,Instagram,2025-06-07 17:43:00,1,0,0,0,0
user_927,Instagram,2025-04-01 11:01:00,1,1,1,0,0
user_928,Google Ads,2025-05-02 03:23:00,1,1,1,1,1
user_929,Google Ads,2025-06-06 10:33:00,1,1,0,0,0
user_930,Instagram,2025-05-13 08:03:00,1,1,1,1,1
user_931,Instagram,2025-04-30 17:48:00,0,0,0,0,0
user_932,TikTok,2025-05-04 18:04:00,1,0,0,0,0
user_933,TikTok,2025-04-08 07:26:00,1,1,0,0,0
user_934,Google Ads,2025-05-18 20:30:00,0,0,0,0,0
user_935,Instagram,2025-04-18 18:32:00,1,1,1,1,1
user_936,Instagram,2025-04-21 03:02:00,0,0,0,0,0
user_937,Instagram,2025-04-01 03:27:00,1,1,1,1,1
user_938,TikTok,2025-06-01 14:53:00,1,1,1,1,1
user_939,Instagram,2025-06-08 16:56:00,0,0,0,0,0
user_940,Google Ads,2025-05-18 15:39:00,1,1,1,0,0
user_941,Instagram,2025-04-21 08:48:00,0,0,0,0,0
user_942,Google Ads,2025-05-03 06:39:00,1,0,0,0,0
user_943,Google Ads,2025-04-14 23:03:00,1,1,1,0,0
user_944,TikTok,2025-04-28 16:51:00,1,0,0,0,0
user_945,Instagram,2025-04-08 11:14:00,1,1,1,1,1
user_946,Instagram,2025-06-09 10:23:00,1,1,1,1,1
user_947,Instagram,2025-05-27 13:17:00,1,1,1,1,1
user_948,TikTok,2025-06-08 10:20:00,1,1,1,1,1
user_949,TikTok,2025-05-21 16:22:00,1,0,0,0,0
user_950,Google Ads,2025-05-09 20:02:00,1,1,1,1,1
user_951,Google Ads,2025-05-04 11:51:00,1,0,0,0,0
user_952,Google Ads,2025-04-21 08:21:00,1,1,0,0,0
user_953,Instagram,2025-06-03 15:32:00,1,1,1,0,0
user_954,TikTok,2025-05-14 13:11:00,1,1,1,1,1
user_955,Google Ads,2025-04-29 16:43:00,1,1,1,1,0
user_956,Google Ads,2025-04-14 00:32:00,0,0,0,0,0
user_957,Google Ads,2025-06-07 23:52:00,1,0,0,0,0
user_958,Instagram,2025-05-28 02:05:00,1,0,0,0,0
user_959,Instagram,2025-06-08 08:52:00,1,0,0,0,0
user_960,TikTok,2025-04-10 07:15:00,1,1,0,0,0
user_961,Instagram,2025-05-30 16:37:00,1,1,1,1,1
user_962,Google Ads,2025-05-10 01:53:00,0,0,0,0,0
user_963,Instagram,2025-06-03 19:18:00,1,1,1,1,0
user_964,Google Ads,2025-04-04 09:35:00,1,1,1,0,0
user_965,Instagram,2025-05-24 03:59:00,1,1,1,1,1
user_966,Google Ads,2025-04-08 10:19:00,1,1,1,1,0
user_967,TikTok,2025-05-16 04:21:00,1,1,1,1,0
user_968,Instagram,2025-04-07 17:55:00,1,1,1,0,0
user_969,Google Ads,2025-04-14 07:29:00,1,1,1,0,0
user_970,Google Ads,2025-04-12 05:23:00,1,0,0,0,0
user_971,Google Ads,2025-04-05 00:22:00,1,1,0,0,0
user_972,TikTok,2025-06-01 05:37:00,1,1,1,0,0
user_973,TikTok,2025-05-29 13:28:00,1,1,1,1,1
user_974,Instagram,2025-04-25 17:05:00,0,0,0,0,0
user_975,Instagram,2025-04-22 07:22:00,1,0,0,0,0
user_976,Instagram,2025-05-04 05:44:00,1,1,1,1,1
user_977,Google Ads,2025-05-29 14:56:00,1,1,1,1,0
user_978,Instagram,2025-05-09 06:34:00,1,0,0,0,0
user_979,Google Ads,2025-04-27 10:27:00,1,1,1,1,1
user_980,Google Ads,2025-04-30 15:25:00,1,1,1,1,0
user_981,Google Ads,2025-04-13 13:13:00,1,0,0,0,0
user_982,TikTok,2025-04-26 00:35:00,1,0,0,0,0
user_983,Instagram,2025-05-16 02:57:00,0,0,0,0,0
user_984,Instagram,2025-06-02 18:13:00,1,1,0,0,0
user_985,TikTok,2025-05-28 21:22:00,1,1,1,1,0
user_986,Google Ads,2025-06-02 20:37:00,1,1,1,0,0
user_987,Google Ads,2025-05-16 10:50:00,1,1,1,1,1
user_988,Google Ads,2025-04-08 05:02:00,1,0,0,0,0
user_989,Instagram,2025-04-04 01:57:00,1,1,1,1,1
user_990,TikTok,2025-05-20 06:51:00,1,1,1,0,0
user_991,TikTok,2025-05-15 20:52:00,1,0,0,0,0
user_992,Google Ads,2025-06-02 17:55:00,1,1,1,0,0
user_993,Instagram,2025-05-14 00:09:00,1,1,1,1,0
user_994,Google Ads,2025-06-07 17:18:00,1,1,1,1,1
user_995,Google Ads,2025-06-08 15:44:00,1,0,0,0,0
user_996,Instagram,2025-04-09 13:29:00,1,1,1,1,0
user_997,TikTok,2025-04-18 11:29:00,1,1,1,0,0
user_998,Instagram,2025-05-31 17:48:00,1,1,0,0,0
user_999,TikTok,2025-04-25 00:34:00,1,0,0,0,0
user_1000,Google Ads,2025-05-24 10:37:00,1,1,1,1,1
